"Authors","Author full names","Author(s) ID","Title","Year","Source title","Volume","Issue","Art. No.","Page start","Page end","Cited by","DOI","Link","Document Type","Publication Stage","Open Access","Source","EID"
"Temor L.; Husain Z.; Coppin P.","Temor, Lucas (57354833700); Husain, Zainab (59842462100); Coppin, Peter (57189184374)","57354833700; 59842462100; 57189184374","A cross-modal UX design pedagogy for industrial design","2022","ACM International Conference Proceeding Series","","","","195","198","2","10.1145/3561212.3561241","https://www.scopus.com/inward/record.uri?eid=2-s2.0-85139821050&doi=10.1145%2F3561212.3561241&partnerID=40&md5=1ce04792055373584bb7894c317e1201","Conference paper","Final","","Scopus","2-s2.0-85139821050"
"Hamlet C.","Hamlet, Claire (56531914500)","56531914500","Health Psychology Consultancy in Digital Health","2025","The Palgrave Handbook of Consultancy in Health Psychology","","","","243","266","1","10.1007/978-3-031-94529-8_13","https://www.scopus.com/inward/record.uri?eid=2-s2.0-105031034386&doi=10.1007%2F978-3-031-94529-8_13&partnerID=40&md5=87989991dac6a6276e60ddce2ffe7fbd","Book chapter","Final","","Scopus","2-s2.0-105031034386"
"Evans A.; Hernández C.A.H.; Yeung H.L.; Park A.J.; Hwang E.; Fenuta A.","Evans, Aiden (60055006300); Hernández, César Antonio Hernández (60194323200); Yeung, Hoi Ling (60194323300); Park, Andrew J. (58948386500); Hwang, Eunju (56862821500); Fenuta, Alyssa (55546649500)","60055006300; 60194323200; 60194323300; 58948386500; 56862821500; 55546649500","Virtual Reality Campus Navigation Incorporating Inclusion, Diversity, Equity, and Accessibility","2026","Lecture Notes in Networks and Systems","1675 LNNS","","","353","369","0","10.1007/978-3-032-07986-2_22","https://www.scopus.com/inward/record.uri?eid=2-s2.0-105021818433&doi=10.1007%2F978-3-032-07986-2_22&partnerID=40&md5=7d5f1de1015e50ea87cf365c671f7535","Conference paper","Final","All Open Access; Bronze Open Access","Scopus","2-s2.0-105021818433"
"Zhao Y.; Peñuela A.M.; Simperl E.","Zhao, Yihang (58965965400); Peñuela, Albert Meroño (55891390100); Simperl, Elena (23036541000)","58965965400; 55891390100; 23036541000","User Experience in Dataset Search","2025","Communications in Computer and Information Science","2371 CCIS","","","113","130","1","10.1007/978-3-031-83845-3_7","https://www.scopus.com/inward/record.uri?eid=2-s2.0-105006528994&doi=10.1007%2F978-3-031-83845-3_7&partnerID=40&md5=09d05ea1d679f5595e7be6770c7b2997","Conference paper","Final","","Scopus","2-s2.0-105006528994"
"Nurhudatiana A.; Caesarion A.S.","Nurhudatiana, Arfika (54912091600); Caesarion, Alixia Shafira (57223320503)","54912091600; 57223320503","Exploring User Experience of Massive Open Online Courses (MOOCs): A Case Study of Millennial Learners in Jakarta, Indonesia","2020","ACM International Conference Proceeding Series","","","","44","49","12","10.1145/3383923.3383968","https://www.scopus.com/inward/record.uri?eid=2-s2.0-85105599978&doi=10.1145%2F3383923.3383968&partnerID=40&md5=7b6bb5986e191e585a2ae8d48af9bc86","Conference paper","Final","","Scopus","2-s2.0-85105599978"
"Del Aguila M.; Añape J.I.; Rada L.C.","Del Aguila, Maritza (59547930700); Añape, Jorge I. (59547541000); Rada, Luis C. (59548118500)","59547930700; 59547541000; 59548118500","Systematic Review on Mobile Application Interface Design for the Visually Impaired Community","2024","Proceedings of the LACCEI international Multi-conference for Engineering, Education and Technology","","","323","","","0","10.18687/LEIRD2024.1.1.323","https://www.scopus.com/inward/record.uri?eid=2-s2.0-85217237952&doi=10.18687%2FLEIRD2024.1.1.323&partnerID=40&md5=a4545f0393f3b5be4c8cf3054f104904","Conference paper","Final","All Open Access; Gold Open Access","Scopus","2-s2.0-85217237952"
"Motti V.G.","Motti, Vivian Genaro (25958343600)","25958343600","Designing emerging technologies for and with neurodiverse users","2019","SIGDOC 2019 - Proceedings of the 37th ACM International Conference on the Design of Communication","","","11","","","55","10.1145/3328020.3353946","https://www.scopus.com/inward/record.uri?eid=2-s2.0-85074783965&doi=10.1145%2F3328020.3353946&partnerID=40&md5=579d4c933f1713cb675fcb8129541d63","Conference paper","Final","","Scopus","2-s2.0-85074783965"
"Carter J.; Walden L.","Carter, Joyce (57198881843); Walden, Laura (57219725707)","57198881843; 57219725707","Lighting the user experience: A new perspective on studying the user experience in a lab that controls light color, temperature, and intensity","2020","SIGDOC 2020 - Proceedings of the 38th ACM International Conference on Design of Communication","","","3416752","","","0","10.1145/3380851.3416752","https://www.scopus.com/inward/record.uri?eid=2-s2.0-85094952319&doi=10.1145%2F3380851.3416752&partnerID=40&md5=44e7857c72b734ff3e53c888650e6aea","Conference paper","Final","","Scopus","2-s2.0-85094952319"
"Caicedo-López A.; Psicologia P.G.-G.","Caicedo-López, Andrés (57214229692); Psicologia, Paulina Guerra-Guerra (60479417100)","57214229692; 60479417100","Diagnosis of User Experience (UX) and Accessibility in Traditional Recruitment Tools: Foundations for the Future Implementation of Gamified Processes","2025","ETCM 2025 - 9th Ecuador Technical Chapters Meeting","","","","","","0","10.1109/ETCM67548.2025.11304306","https://www.scopus.com/inward/record.uri?eid=2-s2.0-105032532121&doi=10.1109%2FETCM67548.2025.11304306&partnerID=40&md5=45b89b11349e509eed694729b56e6381","Conference paper","Final","","Scopus","2-s2.0-105032532121"
"Oudor I.; Nafil K.","Oudor, Ilhame (60404187600); Nafil, Khalid (56741515900)","60404187600; 56741515900","The Evolving Role of Large Language Models in UX Design: A Bibliometric Analysis Study","2025","SITA 2025 - 15th International Conference on Intelligent Systems: Theories and Applications","","","","","","0","10.1109/SITA67914.2025.11273744","https://www.scopus.com/inward/record.uri?eid=2-s2.0-105030477129&doi=10.1109%2FSITA67914.2025.11273744&partnerID=40&md5=2f58615feb7cd938b8b6dd0f60324540","Conference paper","Final","","Scopus","2-s2.0-105030477129"
"Shalamova N.","Shalamova, Nadya (57192257391)","57192257391","Beyond cultural dimensions: Digital inclusion in global UX","2019","SIGDOC 2019 - Proceedings of the 37th ACM International Conference on the Design of Communication","","","23","","","3","10.1145/3328020.3353923","https://www.scopus.com/inward/record.uri?eid=2-s2.0-85074763696&doi=10.1145%2F3328020.3353923&partnerID=40&md5=f5d24439adf7a46515f83541806be9ed","Conference paper","Final","","Scopus","2-s2.0-85074763696"
"Kamińska D.; Zwoliński G.; Laska-Leśniewicz A.","Kamińska, Dorota (57204348301); Zwoliński, Grzegorz (14013610900); Laska-Leśniewicz, Anna (57217675574)","57204348301; 14013610900; 57217675574","Usability Testing of Virtual Reality Applications—The Pilot Study","2022","Sensors","22","4","1342","","","81","10.3390/s22041342","https://www.scopus.com/inward/record.uri?eid=2-s2.0-85124232757&doi=10.3390%2Fs22041342&partnerID=40&md5=ff5d61827dfcd4d494eb1ff1ab1ba2d4","Article","Final","All Open Access; Gold Open Access; Green Open Access","Scopus","2-s2.0-85124232757"
"Kim H.; Woo J.; Hyun K.H.","Kim, Hwan (55148213900); Woo, Jongbum (57875212800); Hyun, Kyung Hoon (56236871600)","55148213900; 57875212800; 56236871600","PlicAR: Enhancing Online Product Evaluation and Shopping Experience through an Augmented Reality Based 3D Model Visualization Service; [PlicAR: 증강현실 기반 3D 모형 구축 기술을 통한 온라인 쇼핑 경험 증진]","2022","Archives of Design Research","35","3","","181","195","0","10.15187/adr.2022.08.35.3.181","https://www.scopus.com/inward/record.uri?eid=2-s2.0-85137289301&doi=10.15187%2Fadr.2022.08.35.3.181&partnerID=40&md5=72cc89e491fa52f10131760d5ff020cc","Article","Final","All Open Access; Gold Open Access","Scopus","2-s2.0-85137289301"
"Shelton E.G.; Navarro J.-P.; De Silva D.; Snapp-Childs W.; Quick R.","Shelton, Esen Gokpinar (57195619944); Navarro, John-Paul (8556331600); De Silva, Dinuka (57825661300); Snapp-Childs, Winona (14523732700); Quick, Rob (22980907100)","57195619944; 8556331600; 57825661300; 14523732700; 22980907100","Designing Human-Centered Integration Pathways for a Large-Scale Cyberinfrastructure System: A UX/UI Approach to Streamline Resource Contribution","2025","PEARC 2025 - Practice and Experience in Advanced Research Computing 2025: The Power of Collaboration","","","101","","","0","10.1145/3708035.3736033","https://www.scopus.com/inward/record.uri?eid=2-s2.0-105013080576&doi=10.1145%2F3708035.3736033&partnerID=40&md5=abed7ae9ca199b2e3be1f34bfbf4fc47","Conference paper","Final","","Scopus","2-s2.0-105013080576"
"Sushra T.; Iyengar N.; Shah M.; Kshirsagar A.","Sushra, Tulasi (57579037100); Iyengar, Nitya (59394181300); Shah, Manan (57200131797); Kshirsagar, Ameya (57226067658)","57579037100; 59394181300; 57200131797; 57226067658","Judging a book by its cover: significance of UX design in gamification and computing systems","2022","Iran Journal of Computer Science","5","2","","117","126","6","10.1007/s42044-021-00096-0","https://www.scopus.com/inward/record.uri?eid=2-s2.0-85127479351&doi=10.1007%2Fs42044-021-00096-0&partnerID=40&md5=da9c6ae72364dc272420ad0d6c000487","Review","Final","","Scopus","2-s2.0-85127479351"
"Sarto P.A.A.; Bobis H.M.B.; Intal G.L.D.","Sarto, Prisilla Amiel A. (59247790700); Bobis, Helaena Marie B. (59247947700); Intal, Grace Lorraine D. (57202129713)","59247790700; 59247947700; 57202129713","UX Design of Green Card App Using Design Thinking Methodology","2024","ACM International Conference Proceeding Series","","","","523","535","0","10.1145/3654522.3654601","https://www.scopus.com/inward/record.uri?eid=2-s2.0-85200487518&doi=10.1145%2F3654522.3654601&partnerID=40&md5=1fb18cf70b8a83bd22f83b865ee575b3","Conference paper","Final","","Scopus","2-s2.0-85200487518"
"Herlina","Herlina (57203100492)","57203100492","Integrating Accessibility Features and Usability Testing for Inclusive Web Design","2024","2024 International Conference on Intelligent Cybernetics Technology and Applications, ICICyTA 2024","","","","1284","1289","1","10.1109/ICICYTA64807.2024.10913054","https://www.scopus.com/inward/record.uri?eid=2-s2.0-105001662364&doi=10.1109%2FICICYTA64807.2024.10913054&partnerID=40&md5=36b0ee262b70e12281ac6877de9031c9","Conference paper","Final","","Scopus","2-s2.0-105001662364"
"Nayak S.; Guo T.; Lopez-Rios J.; Lentz C.; Arumugam S.; Hughes J.; Dolezal C.; Linder V.; Carballo-Diéguez A.; Balán I.C.; Sia S.K.","Nayak, Samiksha (57200820030); Guo, Tiffany (56499844700); Lopez-Rios, Javier (56554020700); Lentz, Cody (57196417254); Arumugam, Siddarth (55871283400); Hughes, Joshua (57203760396); Dolezal, Curtis (7003423338); Linder, Vincent (56253924100); Carballo-Diéguez, Alex (6603962651); Balán, Iván C. (6602761936); Sia, Samuel K. (7003282868)","57200820030; 56499844700; 56554020700; 57196417254; 55871283400; 57203760396; 7003423338; 56253924100; 6603962651; 6602761936; 7003282868","Integrating user behavior with engineering design of point-of-care diagnostic devices: Theoretical framework and empirical findings","2019","Lab on a Chip","19","13","","2241","2255","23","10.1039/c9lc00188c","https://www.scopus.com/inward/record.uri?eid=2-s2.0-85068171006&doi=10.1039%2Fc9lc00188c&partnerID=40&md5=e8f18cc188067edf447fc4bbfd2c6575","Article","Final","All Open Access; Green Open Access","Scopus","2-s2.0-85068171006"
"Ebner M.; Stickel C.; Scerbakov N.; Holzinger A.","Ebner, Martin (9638772000); Stickel, Christian (24829618600); Scerbakov, Nick (6507949420); Holzinger, Andreas (23396282000)","9638772000; 24829618600; 6507949420; 23396282000","A study on the compatibility of ubiquitous learning (u-Learning) systems at university level","2009","Lecture Notes in Computer Science (including subseries Lecture Notes in Artificial Intelligence and Lecture Notes in Bioinformatics)","5616 LNCS","PART 3","","34","43","15","10.1007/978-3-642-02713-0_4","https://www.scopus.com/inward/record.uri?eid=2-s2.0-70350307203&doi=10.1007%2F978-3-642-02713-0_4&partnerID=40&md5=d9d30209b113fb7cac4321522a56eaaa","Conference paper","Final","","Scopus","2-s2.0-70350307203"
"Gaytán-Lugo L.S.; Prietch S.S.; Santana-Mancilla P.C.; Rodríguez-Ortiz M.A.; Bautista-Flores P.M.; Fajardo-Flores S.B.; Sánchez J.A.","Gaytán-Lugo, Laura S. (55568852800); Prietch, Soraia S. (55925755100); Santana-Mancilla, Pedro C. (58039380400); Rodríguez-Ortiz, Miguel A. (57201301138); Bautista-Flores, Pablo M. (58821481400); Fajardo-Flores, Silvia B. (35768839100); Sánchez, J. Alfredo (35555167000)","55568852800; 55925755100; 58039380400; 57201301138; 58821481400; 35768839100; 35555167000","Codesigning a Spanish literacy platform for deaf children","2023","ACM International Conference Proceeding Series","","","17","","","4","10.1145/3630970.3631064","https://www.scopus.com/inward/record.uri?eid=2-s2.0-85182736212&doi=10.1145%2F3630970.3631064&partnerID=40&md5=b06865744f4592f05467caa104a4a8c1","Conference paper","Final","","Scopus","2-s2.0-85182736212"
"Andy; Razaq A.; Erwin; Kristin D.M.","Andy (58000375900); Razaq, Ahmad (59562207000); Erwin (59562877900); Kristin, Desi Maya (57193380899)","58000375900; 59562207000; 59562877900; 57193380899","User Interface and User Experience Optimization in E-commerce: Exploring Factors to Increase Purchase Intention","2024","Proceedings of 2024 10th International HCI and UX Conference in Indonesia, CHIuXiD 2024","","","","1","6","0","10.1109/CHIuXiD64022.2024.10860382","https://www.scopus.com/inward/record.uri?eid=2-s2.0-85218085683&doi=10.1109%2FCHIuXiD64022.2024.10860382&partnerID=40&md5=830101e98f01240f16b8e61814f0e437","Conference paper","Final","","Scopus","2-s2.0-85218085683"
"Camacho A.; Abásolo M.J.; Oliveira R.","Camacho, Ana (60090776200); Abásolo, María José (14053517200); Oliveira, Rita (56248270300)","60090776200; 14053517200; 56248270300","User Experience with Serious Games for Memory Stimulation in Older Adults: A Comparative Study Across Television, Tablet, and Smartphone Platforms","2026","Communications in Computer and Information Science","2514 CCIS","","","70","84","0","10.1007/978-3-032-01162-6_5","https://www.scopus.com/inward/record.uri?eid=2-s2.0-105015442270&doi=10.1007%2F978-3-032-01162-6_5&partnerID=40&md5=f72b28d5a36272de7e07dc838dda1350","Conference paper","Final","","Scopus","2-s2.0-105015442270"
"Cox W.R.; Spann B.; Huff P.","Cox, William R (60058177900); Spann, Billy (57218933795); Huff, Philip (57984217800)","60058177900; 57218933795; 57984217800","Accessibility Barriers for Blind and Visually Impaired Individuals in Cybersecurity: A Systematic Review","2025","ACM SIGCITE 2025 - Proceedings of the 26th ACM Annual Conference on Cybersecurity and Information Technology Education","","","","1","7","0","10.1145/3769694.3771111","https://www.scopus.com/inward/record.uri?eid=2-s2.0-105028759204&doi=10.1145%2F3769694.3771111&partnerID=40&md5=9552c5045987399debd9c986b45fd1d8","Conference paper","Final","","Scopus","2-s2.0-105028759204"
"Navarrete R.; Luján-Mora S.","Navarrete, Rosa (56209050900); Luján-Mora, Sergio (6603381780)","56209050900; 6603381780","Improving OER websites for learners with disabilities","2016","W4A 2016 - 13th Web for All Conference","","","a16","","","5","10.1145/2899475.2899517","https://www.scopus.com/inward/record.uri?eid=2-s2.0-84983493553&doi=10.1145%2F2899475.2899517&partnerID=40&md5=b5ab5a7af246f13aedba2a0e4332ec27","Conference paper","Final","","Scopus","2-s2.0-84983493553"
"Khanna P.; Karim R.; Tretten P.","Khanna, Parul (58805684400); Karim, Ramin (25723434100); Tretten, Phillip (54581836800)","58805684400; 25723434100; 54581836800","Taxonomy of human-system interaction challenges for metaverse integration in industrial maintenance","2026","Frontiers in Virtual Reality","7","","1718280","","","0","10.3389/frvir.2026.1718280","https://www.scopus.com/inward/record.uri?eid=2-s2.0-105029979172&doi=10.3389%2Ffrvir.2026.1718280&partnerID=40&md5=114e8ed515c1522aae2d31c52e49abe8","Review","Final","All Open Access; Gold Open Access; Green Open Access","Scopus","2-s2.0-105029979172"
"Smuts S.; Smuts H.","Smuts, Solett (59750381200); Smuts, Hanlie (35303384200)","59750381200; 35303384200","ENHANCING SCREEN READER USABILITY: APPLYING USER EXPERIENCE PRINCIPLES FOR IMPROVED ACCESSIBILITY","2025","Proceedings of the International Conferences IADIS Information Systems 2025 and e-Society 2025","","","","145","152","0","","https://www.scopus.com/inward/record.uri?eid=2-s2.0-105003196381&partnerID=40&md5=dc497c3144cd77bb898eb6df60df139c","Conference paper","Final","","Scopus","2-s2.0-105003196381"
"Putnam C.; Rose E.J.; Macdonald C.M.","Putnam, Cynthia (26422462300); Rose, Emma J. (8851758600); Macdonald, Craig M. (55845420339)","26422462300; 8851758600; 55845420339","""It could be better. It could be much worse"": Understanding Accessibility in User Experience Practice with Implications for Industry and Education","2023","ACM Transactions on Accessible Computing","16","1","3575662","","","14","10.1145/3575662","https://www.scopus.com/inward/record.uri?eid=2-s2.0-85152621891&doi=10.1145%2F3575662&partnerID=40&md5=0306e101159996d6f1287a9c6f09994b","Article","Final","","Scopus","2-s2.0-85152621891"
"Gómez-Delgado J.; Marín-Palacios C.; Moreno L.","Gómez-Delgado, Javier (60332427900); Marín-Palacios, Cristina (57266440000); Moreno, Lourdes (7101696703)","60332427900; 57266440000; 7101696703","Integrating accessibility, usability and UX in web project management: a systematic review","2026","Universal Access in the Information Society","25","1","28","","","0","10.1007/s10209-025-01298-0","https://www.scopus.com/inward/record.uri?eid=2-s2.0-105027454295&doi=10.1007%2Fs10209-025-01298-0&partnerID=40&md5=d2685567bc41da04d87d4c60bfb20c29","Review","Final","","Scopus","2-s2.0-105027454295"
"Zhang R.; Shi Y.; Schuller B.; André E.; Oviatt S.; Quigley A.; Marquardt N.; Aslan I.; Ju R.","Zhang, Ru (57215872080); Shi, Yuanchun (7404964393); Schuller, Björn (6603767415); André, Elisabeth (7006887726); Oviatt, Sharon (7003592124); Quigley, Aaron (16239529900); Marquardt, Nicolai (55921115600); Aslan, Ilhan (14008003100); Ju, Ran (57195933762)","57215872080; 7404964393; 6603767415; 7006887726; 7003592124; 16239529900; 55921115600; 14008003100; 57195933762","User Experience for Multi-Device Ecosystems: Challenges and Opportunities","2021","Conference on Human Factors in Computing Systems - Proceedings","","","","","","7","10.1145/3411763.3441325","https://www.scopus.com/inward/record.uri?eid=2-s2.0-85105776511&doi=10.1145%2F3411763.3441325&partnerID=40&md5=15fcf1f7bb9770785f4cfa24bf2009bf","Conference paper","Final","All Open Access; Green Open Access","Scopus","2-s2.0-85105776511"
"Lang J.; Jouen F.; Tijus C.; Uzan G.","Lang, Julie (58550634600); Jouen, François (6603701102); Tijus, Charles (6603707134); Uzan, Gérard (26422659300)","58550634600; 6603701102; 6603707134; 26422659300","Design of a Virtual Assistant: Collect of User’s Needs for Connected and Automated Vehicles","2024","Lecture Notes in Computer Science (including subseries Lecture Notes in Artificial Intelligence and Lecture Notes in Bioinformatics)","14732 LNCS","","","157","170","3","10.1007/978-3-031-60477-5_12","https://www.scopus.com/inward/record.uri?eid=2-s2.0-85196705025&doi=10.1007%2F978-3-031-60477-5_12&partnerID=40&md5=92fe125500a3dcdc0d4592fcf3824b3e","Conference paper","Final","","Scopus","2-s2.0-85196705025"
"Wilson J.; Ali D.","Wilson, Janelle (60416246800); Ali, Duha (57750914900)","60416246800; 57750914900","Usability Testing of Healthcare Portals for Individuals With Mental and Physical Disabilities: Assessing Accessibility and User Experience (UX)","2025","Applied Human Factors and Ergonomics International","171","","","151","161","0","10.54941/ahfe1006201","https://www.scopus.com/inward/record.uri?eid=2-s2.0-105031073623&doi=10.54941%2Fahfe1006201&partnerID=40&md5=e0688c146a611695442988b783d45b12","Book chapter","Final","","Scopus","2-s2.0-105031073623"
"Vilca F.M.; Chirinos A.O.; Barrientos A.","Vilca, Fulgencio M. (59665648700); Chirinos, Alonso O. (59665239900); Barrientos, Alfredo (57147026900)","59665648700; 59665239900; 57147026900","Design Guide and Software Interfaces for Improving Web Platforms in Public Health Entities of Lima Metropolitan Area Using Usability Techniques and User-Centered Design; [Guía de diseño e Interfaces de software para la mejora de plataformas web en entidades de salud pública de Lima Metropolitana mediante técnicas de usabilidad y diseño centrado en el usuario]","2024","CISCI - Conferencia Iberoamericana en Sistemas, Cibernetica e Informatica","","2024","","395","401","0","10.54808/CISCI2024.01.395","https://www.scopus.com/inward/record.uri?eid=2-s2.0-85219564346&doi=10.54808%2FCISCI2024.01.395&partnerID=40&md5=d1c4703a54abd28275177fef0c0a6b85","Conference paper","Final","","Scopus","2-s2.0-85219564346"
"","","","26th International Conference on Human-Computer Interaction, HCII 2024","2025","Communications in Computer and Information Science","2320 CCIS","","","","","0","","https://www.scopus.com/inward/record.uri?eid=2-s2.0-85215687822&partnerID=40&md5=fa03534d9751c507c1fda41ee4620b69","Conference review","Final","","Scopus","2-s2.0-85215687822"
"Prati E.; Pozzi S.; Grandi F.; Peruzzini M.","Prati, Elisa (57219292991); Pozzi, Simone (57192425042); Grandi, Fabio (57195805210); Peruzzini, Margherita (34971929300)","57219292991; 57192425042; 57195805210; 34971929300","E-commerce Usability Guidelines for Visually Impaired Users","2021","Lecture Notes in Computer Science (including subseries Lecture Notes in Artificial Intelligence and Lecture Notes in Bioinformatics)","12768 LNCS","","","280","293","3","10.1007/978-3-030-78092-0_18","https://www.scopus.com/inward/record.uri?eid=2-s2.0-85112184342&doi=10.1007%2F978-3-030-78092-0_18&partnerID=40&md5=6f5c093089e968dd73da864601426792","Conference paper","Final","All Open Access; Green Open Access","Scopus","2-s2.0-85112184342"
"Gupta A.A.; Purohit A.S.; Shukla T.S.; Madan S.","Gupta, Anshika Ashokkumar (60149265600); Purohit, Aayushi Sandeep (60149343700); Shukla, Tanishka Sushil (60149303500); Madan, Suman (57201885289)","60149265600; 60149343700; 60149303500; 57201885289","Smart Gloves for Mute Individuals: A Technological Solution for Sign Language Translation and Communication","2025","Lecture Notes in Networks and Systems","1436 LNNS","","","293","305","0","10.1007/978-981-96-7134-2_21","https://www.scopus.com/inward/record.uri?eid=2-s2.0-105019305988&doi=10.1007%2F978-981-96-7134-2_21&partnerID=40&md5=d2b56a56e1081fbca4260f55e5b7e011","Conference paper","Final","","Scopus","2-s2.0-105019305988"
"Kaya C.; Ersoy B.M.; Karaca M.","Kaya, Cem (59173625600); Ersoy, Baha Mert (59174364300); Karaca, Murat (59173625700)","59173625600; 59174364300; 59173625700","Virtual Reality Meets Low Vision: The Development and Analysis of MagniVR as an Assistive Technology","2024","Lecture Notes in Computer Science (including subseries Lecture Notes in Artificial Intelligence and Lecture Notes in Bioinformatics)","14697 LNCS","","","321","333","1","10.1007/978-3-031-60881-0_20","https://www.scopus.com/inward/record.uri?eid=2-s2.0-85196107523&doi=10.1007%2F978-3-031-60881-0_20&partnerID=40&md5=a99984e970d1f00f8ca4996e96b0e8e3","Conference paper","Final","","Scopus","2-s2.0-85196107523"
"Graham G.; Chandrashekar S.","Graham, Geordie (57190278634); Chandrashekar, Sambhavi (23007631600)","57190278634; 23007631600","Inclusive process and tool for evaluation of accessible user experience (AUX)","2016","Lecture Notes in Computer Science (including subseries Lecture Notes in Artificial Intelligence and Lecture Notes in Bioinformatics)","9737","","","59","69","8","10.1007/978-3-319-40250-5_6","https://www.scopus.com/inward/record.uri?eid=2-s2.0-84978827327&doi=10.1007%2F978-3-319-40250-5_6&partnerID=40&md5=30b0581f30865e6e0a32219d1a5935fe","Conference paper","Final","","Scopus","2-s2.0-84978827327"
"","","","26th International Conference on Human-Computer Interaction, HCII 2024","2024","Communications in Computer and Information Science","2118 CCIS","","","","","0","","https://www.scopus.com/inward/record.uri?eid=2-s2.0-85197195158&partnerID=40&md5=401c45563999a40fc33e7427fb9b6ab5","Conference review","Final","","Scopus","2-s2.0-85197195158"
"Dewantoro L.S.; Salsabila Syakira Putri D.; Aurellia A.H.; Murad D.F.","Dewantoro, Lathif Sihab (60440397200); Salsabila Syakira Putri, D. (60439044200); Aurellia, Adhis Helsa (60439948400); Murad, Dina Fitria (57193666780)","60440397200; 60439044200; 60439948400; 57193666780","Evaluation of the My Super Indo Application Through Heatmaps Approach to Increase the Conversion Rate","2025","2025 10th International Conference on Informatics and Computing, ICIC 2025","","","","","","0","10.1109/ICIC68054.2025.11309541","https://www.scopus.com/inward/record.uri?eid=2-s2.0-105032130189&doi=10.1109%2FICIC68054.2025.11309541&partnerID=40&md5=bd4c545544504b692ac9900a6d5721e9","Conference paper","Final","","Scopus","2-s2.0-105032130189"
"Alabdulrahman R.; Alqahtani F.; Binkhonain M.","Alabdulrahman, Rawan (55983083700); Alqahtani, Fayez (56113467000); Binkhonain, Manal (57210367110)","55983083700; 56113467000; 57210367110","Uncovering Usability Issues in Mobile Government Applications: A User-Centered Approach","2025","IEEE Access","13","","","169352","169366","0","10.1109/ACCESS.2025.3614165","https://www.scopus.com/inward/record.uri?eid=2-s2.0-105017699278&doi=10.1109%2FACCESS.2025.3614165&partnerID=40&md5=23db39fb3e0c64988dc7d0047778952f","Article","Final","All Open Access; Gold Open Access; Green Open Access","Scopus","2-s2.0-105017699278"
"Baek J.","Baek, Jaeeun (59558978300)","59558978300","Correction to: A Study on Consumer-Centric Health Information Provision Strategy Using SWOT-AHP -Focusing on the National Health Information Portal (Health Care Analysis, (2025), 10.1007/s10728-024-00505-y)","2025","Health Care Analysis","","","","","","0","10.1007/s10728-025-00515-4","https://www.scopus.com/inward/record.uri?eid=2-s2.0-105002604328&doi=10.1007%2Fs10728-025-00515-4&partnerID=40&md5=9e590c6de714a54c197ba40200213959","Erratum","Article in press","All Open Access; Hybrid Gold Open Access","Scopus","2-s2.0-105002604328"
"Quetzalli A.","Quetzalli, Alejandra (59933584100)","59933584100","Docs-as-ecosystem: The community approach to engineering documentation","2023","Docs-as-Ecosystem: The Community Approach to Engineering Documentation","","","","1","242","4","10.1007/978-1-4842-9328-7","https://www.scopus.com/inward/record.uri?eid=2-s2.0-105007493753&doi=10.1007%2F978-1-4842-9328-7&partnerID=40&md5=fe08f1c52fd6d3347984af618318cfe6","Book","Final","All Open Access; Bronze Open Access","Scopus","2-s2.0-105007493753"
"Oswal S.K.","Oswal, Sushil K. (55481178500)","55481178500","Breaking the exclusionary boundary between user experience and access: Steps toward making UX inclusive of users with disabilities","2019","SIGDOC 2019 - Proceedings of the 37th ACM International Conference on the Design of Communication","","","12","","","51","10.1145/3328020.3353957","https://www.scopus.com/inward/record.uri?eid=2-s2.0-85074759841&doi=10.1145%2F3328020.3353957&partnerID=40&md5=91245d3bcb606b00dede33d32bfcf4b6","Conference paper","Final","All Open Access; Gold Open Access; Green Open Access","Scopus","2-s2.0-85074759841"
"Razlat M.R.; Idrus Z.; Ahmarofi A.A.; Hamid J.A.; Idrus Z.","Razlat, Muhammad Rafiudin (58979134200); Idrus, Zainura (36176042400); Ahmarofi, Ahmad Afif (56442662900); Hamid, Jahaya Abdul (58074113000); Idrus, Zanariah (36069402600)","58979134200; 36176042400; 56442662900; 58074113000; 36069402600","Adaptation of UEQ+ for UX evaluation of mobile banking applications on digital platforms","2023","8th International Conference on Recent Advances and Innovations in Engineering: Empowering Computing, Analytics, and Engineering Through Digital Innovation, ICRAIE 2023","","","","","","2","10.1109/ICRAIE59459.2023.10468375","https://www.scopus.com/inward/record.uri?eid=2-s2.0-85189940476&doi=10.1109%2FICRAIE59459.2023.10468375&partnerID=40&md5=e878ae3e2fd8cbef5bad6f9c94b87c57","Conference paper","Final","","Scopus","2-s2.0-85189940476"
"Vergara L.T.; Perez G.V.; Tereza S.D.; Barros R.M.; Barros V.T.O.","Vergara, Laura T. (60138559100); Perez, Gabriel V. (60138543500); Tereza, Samuel D. (60138272700); Barros, Rodolfo M. (55546517500); Barros, Vanessa T. O. (56237585300)","60138559100; 60138543500; 60138272700; 55546517500; 56237585300","UX Design and User-Centered Design Methodologies for Digital Accessibility: MedCall, a Telemedicine Application","2025","Lecture Notes in Networks and Systems","1447 LNNS","","","225","234","0","10.1007/978-3-031-93109-3_20","https://www.scopus.com/inward/record.uri?eid=2-s2.0-105018584589&doi=10.1007%2F978-3-031-93109-3_20&partnerID=40&md5=54e77efd9553ef6291ed64d61f0e353c","Conference paper","Final","","Scopus","2-s2.0-105018584589"
"Perez G.V.; Aquino V.H.O.; Tereza S.D.; Barros R.M.; Barros V.T.O.","Perez, Gabriel V. (60138543500); Aquino, Victor Hugo O. (60138543600); Tereza, Samuel D. (60138272700); Barros, Rodolfo M. (55546517500); Barros, Vanessa T. O. (56237585300)","60138543500; 60138543600; 60138272700; 55546517500; 56237585300","Validation of Specialized UX Guidelines for the Development of Government Transparency Portal Interfaces","2025","Lecture Notes in Networks and Systems","1447 LNNS","","","193","202","0","10.1007/978-3-031-93109-3_17","https://www.scopus.com/inward/record.uri?eid=2-s2.0-105018584345&doi=10.1007%2F978-3-031-93109-3_17&partnerID=40&md5=2933db8973e241e6e64b848279f741aa","Conference paper","Final","","Scopus","2-s2.0-105018584345"
"","","","26th International Conference on Human-Computer Interaction, HCII 2024","2025","Lecture Notes in Computer Science (including subseries Lecture Notes in Artificial Intelligence and Lecture Notes in Bioinformatics) ","15374 LNCS","","","","","0","","https://www.scopus.com/inward/record.uri?eid=2-s2.0-85213019494&partnerID=40&md5=8202ce3926f89a615948939cc666ccd4","Conference review","Final","","Scopus","2-s2.0-85213019494"
"Choi J.W.; Jin Park J.; Kim E.; Jong Jun H.","Choi, Jin Woo (59290180700); Jin Park, Jong (58361927600); Kim, Eonyong (56712176900); Jong Jun, Han (57219422742)","59290180700; 58361927600; 56712176900; 57219422742","USER-CENTERED DESIGN (UCD) BASED WEB VR FOR THE VALUE OF CULTURAL HERITAGE","2024","Proceedings of the International Conference on Computer-Aided Architectural Design Research in Asia","2","","","303","312","3","","https://www.scopus.com/inward/record.uri?eid=2-s2.0-85196734031&partnerID=40&md5=66b9254588bd8e1af6dfc066a611ff2e","Conference paper","Final","","Scopus","2-s2.0-85196734031"
"Dombrowski Q.; Alexander R.","Dombrowski, Quinn (55511282700); Alexander, Ronelle (57206162548)","55511282700; 57206162548","Digital humanities development without developers: Bulgarian dialectology as living tradition","2014","ACM International Conference Proceeding Series","16","","a3","","","0","10.1145/2657480.2657481","https://www.scopus.com/inward/record.uri?eid=2-s2.0-84954217703&doi=10.1145%2F2657480.2657481&partnerID=40&md5=627f388967bf61a656ccd67428ea54e2","Conference paper","Final","","Scopus","2-s2.0-84954217703"
"","","","26th International Conference on Human-Computer Interaction, HCII 2024","2024","Communications in Computer and Information Science","2115 CCIS","","","","","0","","https://www.scopus.com/inward/record.uri?eid=2-s2.0-85196746245&partnerID=40&md5=a1ec66af198860c849f2661e5afc1650","Conference review","Final","","Scopus","2-s2.0-85196746245"
"","","","26th International Conference on Human-Computer Interaction, HCII 2024","2024","Communications in Computer and Information Science","2120 CCIS","","","","","0","","https://www.scopus.com/inward/record.uri?eid=2-s2.0-85196724115&partnerID=40&md5=626cf955309738b83c2d7e1c3cce9fac","Conference review","Final","","Scopus","2-s2.0-85196724115"
"Shah K.; Garg A.; Bruce C.","Shah, Kewal (59091927800); Garg, Ankur (58553667600); Bruce, Carrie (15047460200)","59091927800; 58553667600; 15047460200","Improving Web Accessibility Testing with Microsoft’s Accessibility Insights for Web","2023","Communications in Computer and Information Science","1833 CCIS","","","358","365","2","10.1007/978-3-031-35992-7_50","https://www.scopus.com/inward/record.uri?eid=2-s2.0-85169008452&doi=10.1007%2F978-3-031-35992-7_50&partnerID=40&md5=21efa31ef55a4474c249ea893a46bbde","Conference paper","Final","","Scopus","2-s2.0-85169008452"
"Choi G.W.; Seo J.","Choi, Gi Woong (55903504400); Seo, JooYoung (57203968865)","55903504400; 57203968865","Accessibility, Usability, and Universal Design for Learning: Discussion of Three Key LX/UX Elements for Inclusive Learning Design","2024","TechTrends","68","5","","936","945","14","10.1007/s11528-024-00987-6","https://www.scopus.com/inward/record.uri?eid=2-s2.0-85198123747&doi=10.1007%2Fs11528-024-00987-6&partnerID=40&md5=da081e8d5f89d96570ffc2ea10099afd","Article","Final","All Open Access; Hybrid Gold Open Access","Scopus","2-s2.0-85198123747"
"Islam M.H.; Haque A.; Hossain M.N.","Islam, Md Hasibul (59439731300); Haque, Aminul (60145300300); Hossain, Md Nazmul (60145447400)","59439731300; 60145300300; 60145447400","Evaluating User-Centered Design Techniques for Multi-Channel Maternity Care: Card Sorting vs. Interactive Dialogue Modeling","2025","2025 IEEE International Conference on Quantum Photonics, Artificial Intelligence, and Networking, QPAIN 2025","","","","","","0","10.1109/QPAIN66474.2025.11171986","https://www.scopus.com/inward/record.uri?eid=2-s2.0-105019046191&doi=10.1109%2FQPAIN66474.2025.11171986&partnerID=40&md5=57e8cd6db7aa61c7302a6633c72c1b4b","Conference paper","Final","","Scopus","2-s2.0-105019046191"
"Choi M.; Kim T.; Kim S.; Kim T.; Kim W.","Choi, Myungbin (57190619288); Kim, Taehun (57222296526); Kim, Seungjae (59918473600); Kim, Taejin (59918706800); Kim, Wonjoon (56517258500)","57190619288; 57222296526; 59918473600; 59918706800; 56517258500","From Barriers to Breakthroughs: Rethinking Autonomous Vehicle Design for Visually Impaired Users","2025","Applied Sciences (Switzerland)","15","10","5659","","","0","10.3390/app15105659","https://www.scopus.com/inward/record.uri?eid=2-s2.0-105006658582&doi=10.3390%2Fapp15105659&partnerID=40&md5=e21c33e5c13e617a728c73a97cd7bd1f","Article","Final","All Open Access; Gold Open Access; Green Open Access","Scopus","2-s2.0-105006658582"
"","","","16th International Conference on Interfaces and Human Computer Interaction, IHCI 2022, and 15th International Conference on Game and Entertainment Technologies 2022, GET 2022 - Held at the 16th Multi Conference on Computer Science and Information Systems, MCCSIS 2022","2022","16th International Conference on Interfaces and Human Computer Interaction, IHCI 2022, and 15th International Conference on Game and Entertainment Technologies 2022, GET 2022 - Held at the 16th Multi Conference on Computer Science and Information Systems, MCCSIS 2022","","","","","","0","","https://www.scopus.com/inward/record.uri?eid=2-s2.0-85142219715&partnerID=40&md5=56f5afbeed4a8070152b3e11519ce05e","Conference review","Final","","Scopus","2-s2.0-85142219715"
"Edmunds M.; Hass C.; Holve E.","Edmunds, Margo (55257969500); Hass, Christopher (58150409000); Holve, Erin (6506262563)","55257969500; 58150409000; 6506262563","Consumer Informatics and Digital Health: Solutions for Health and Health Care","2019","Consumer Informatics and Digital Health: Solutions for Health and Health Care","","","","1","408","8","10.1007/978-3-319-96906-0","https://www.scopus.com/inward/record.uri?eid=2-s2.0-85150531883&doi=10.1007%2F978-3-319-96906-0&partnerID=40&md5=c216ed12fb6680fc52d8bf906c81afb7","Book","Final","","Scopus","2-s2.0-85150531883"
"Handoyo E.D.; Hendric S.W.H.L.; Kurniawan Y.; Prabowo H.; Sfenrianto","Handoyo, Erico Darmawan (57204705948); Hendric, Spits Warnars Harco Leslie (60516179800); Kurniawan, Yohannes (57211005053); Prabowo, Harjanto (57222487822); Sfenrianto (60466021400)","57204705948; 60516179800; 57211005053; 57222487822; 60466021400","A Systematic Literature Review of Post-Pandemic UI/UX Challenges in Mobile Banking Applications","2025","Proceedings of 2025 11th International HCI and UX Conference in Indonesia, CHIuXiD 2025","","","","131","136","0","10.1109/CHIuXiD68326.2025.11323682","https://www.scopus.com/inward/record.uri?eid=2-s2.0-105033068313&doi=10.1109%2FCHIuXiD68326.2025.11323682&partnerID=40&md5=0b6a23c2b602b31da473be45f3ea95c3","Conference paper","Final","","Scopus","2-s2.0-105033068313"
"Núñez V. J.M.; Peláez C.A.; Solano A.; Corchado J.M.; De la Prieta F.","Núñez V., Juan M. (57219031101); Peláez, Carlos Alberto (57209830458); Solano, Andrés (57210710623); Corchado, Juan M. (7006360842); De la Prieta, Fernando (36170379700)","57219031101; 57209830458; 57210710623; 7006360842; 36170379700","Design of a GenAI UX layer with small language models for edge computing in smart agriculture","2026","Array","29","","100632","","","0","10.1016/j.array.2025.100632","https://www.scopus.com/inward/record.uri?eid=2-s2.0-105023959682&doi=10.1016%2Fj.array.2025.100632&partnerID=40&md5=8828dbd39c4458f73084a3292013c8bb","Article","Final","All Open Access; Gold Open Access; Green Open Access","Scopus","2-s2.0-105023959682"
"Wu K.; Liu X.","Wu, Keyang (60415636200); Liu, Xiaojun (60415426100)","60415636200; 60415426100","The Impact of Visual Elements and Design Principles of Design Systems on Design Decisions","2025","Applied Human Factors and Ergonomics International","195","","","35","43","0","10.54941/ahfe1006221","https://www.scopus.com/inward/record.uri?eid=2-s2.0-105031161925&doi=10.54941%2Fahfe1006221&partnerID=40&md5=546d115e4a8f69951c16b7b4a4662e52","Book chapter","Final","","Scopus","2-s2.0-105031161925"
"Parab D.K.; Deshpande P.P.; Thakur R.M.; Warke V.A.; Khanvilkar S.","Parab, Devang Kishor (59173637200); Deshpande, Pranav Prasanna (54385012600); Thakur, Raj Manoj (59173347400); Warke, Vedant Atul (59173787200); Khanvilkar, Shushma (59173787300)","59173637200; 54385012600; 59173347400; 59173787200; 59173787300","Indoor Navigation System using Augmented Reality","2024","7th International Conference on Inventive Computation Technologies, ICICT 2024","","","","720","725","3","10.1109/ICICT60155.2024.10545015","https://www.scopus.com/inward/record.uri?eid=2-s2.0-85196058910&doi=10.1109%2FICICT60155.2024.10545015&partnerID=40&md5=ebb7e05f2beefe990410ef8050ecbc1b","Conference paper","Final","","Scopus","2-s2.0-85196058910"
"Almeraj Z.; Lopez L.; Cantero J.C.T.","Almeraj, Zainab (26634750800); Lopez, Luis (57197542468); Cantero, Juan Carlos Torres (60428895500)","26634750800; 57197542468; 60428895500","Developing and Evaluating With Usability and Accessibility in Mind: A Case Study on Cultural Heritage Information Systems","2026","IEEE Access","14","","","34953","34970","0","10.1109/ACCESS.2026.3667446","https://www.scopus.com/inward/record.uri?eid=2-s2.0-105031507194&doi=10.1109%2FACCESS.2026.3667446&partnerID=40&md5=c3d65c2dff52307b595fda4b9d8e29b3","Article","Final","All Open Access; Gold Open Access; Green Open Access","Scopus","2-s2.0-105031507194"
"Peruzzini M.; Grandi F.; Pellicciari M.; Campanella C.E.","Peruzzini, Margherita (34971929300); Grandi, Fabio (57195805210); Pellicciari, Marcello (26428392600); Campanella, Claudia Elisabetta (57195804434)","34971929300; 57195805210; 26428392600; 57195804434","User experience analysis based on physiological data monitoring and mixed prototyping to support human-centre product design","2019","Advances in Intelligent Systems and Computing","777","","","401","412","15","10.1007/978-3-319-94706-8_44","https://www.scopus.com/inward/record.uri?eid=2-s2.0-85049696121&doi=10.1007%2F978-3-319-94706-8_44&partnerID=40&md5=2e1ae4a46f7fe748651f2caeee05267e","Conference paper","Final","","Scopus","2-s2.0-85049696121"
"Price E.; Wilson R.","Price, Erica (60418060800); Wilson, Ryan (60418708800)","60418060800; 60418708800","Accessibility and Digital Product Design: Ethical and Practical Imperatives","2024","Applied Human Factors and Ergonomics International","143","","","212","220","0","10.54941/ahfe1005100","https://www.scopus.com/inward/record.uri?eid=2-s2.0-105031297745&doi=10.54941%2Fahfe1005100&partnerID=40&md5=2e7bfdcf822ce8e0bd1b0caec17bf071","Book chapter","Final","","Scopus","2-s2.0-105031297745"
"Chong H.T.; Lim C.K.; Ahmed M.F.; Tan K.L.; Mokhtar M.B.","Chong, Hwei Teeng (57204106923); Lim, Chen Kim (55493098500); Ahmed, Minhaz Farid (57191591745); Tan, Kian Lam (55492896900); Mokhtar, Mazlin Bin (35318290800)","57204106923; 55493098500; 57191591745; 55492896900; 35318290800","Virtual reality usability and accessibility for cultural heritage practices: Challenges mapping and recommendations","2021","Electronics (Switzerland)","10","12","1430","","","51","10.3390/electronics10121430","https://www.scopus.com/inward/record.uri?eid=2-s2.0-85107740981&doi=10.3390%2Felectronics10121430&partnerID=40&md5=d750a7feb4f79217af852ef19bd1f38e","Article","Final","All Open Access; Gold Open Access; Green Open Access","Scopus","2-s2.0-85107740981"
"Whitaker R.","Whitaker, Rob (57264461200)","57264461200","Developing Inclusive Mobile Apps: Building Accessible Apps for iOS and Android","2020","Developing Inclusive Mobile Apps: Building Accessible Apps for iOS and Android","","","","1","342","5","10.1007/978-1-4842-5814-9","https://www.scopus.com/inward/record.uri?eid=2-s2.0-85091514526&doi=10.1007%2F978-1-4842-5814-9&partnerID=40&md5=61b98446ae2620eb75c6cd42cf592323","Book","Final","All Open Access; Bronze Open Access","Scopus","2-s2.0-85091514526"
"Ulloa Vera D.S.; Orosco Sierra A.G.; Roque Pisconte V.D.C.","Ulloa Vera, David Sebastian (60466325100); Orosco Sierra, Adrián Gelacio (60465945100); Roque Pisconte, Vanessa del Carmen (59547290500)","60466325100; 60465945100; 59547290500","Analysis of UI/UX Design to Optimize User Experience in E-commerce Web Interfaces: A Systematic Review; [Análisis del diseño UI/UX para optimizar experiencia del usuario de interfaces web e-commerce: Revisión sistemática]","2025","Proceedings of the LACCEI international Multi-conference for Engineering, Education and Technology","","","","","","0","10.18687/LEIRD2025.1.1.737","https://www.scopus.com/inward/record.uri?eid=2-s2.0-105032469359&doi=10.18687%2FLEIRD2025.1.1.737&partnerID=40&md5=b81962dc0ab7fcf5353e5507d8412d4e","Conference paper","Final","All Open Access; Gold Open Access","Scopus","2-s2.0-105032469359"
"Sonka K.; McArdle C.; Potts L.","Sonka, Kate (57215312772); McArdle, Casey (57240504800); Potts, Liza (35180384100)","57215312772; 57240504800; 35180384100","Finding a Teaching A11y: Designing an Accessibility-Centered Pedagogy","2021","IEEE Transactions on Professional Communication","64","3","9512374","264","274","19","10.1109/TPC.2021.3091190","https://www.scopus.com/inward/record.uri?eid=2-s2.0-85113969681&doi=10.1109%2FTPC.2021.3091190&partnerID=40&md5=102b6586d6b5c834cf2efa06e1b6a783","Article","Final","","Scopus","2-s2.0-85113969681"
"","","","ACM International Conference Proceeding Series","2018","ACM International Conference Proceeding Series","","","","488","","0","","https://www.scopus.com/inward/record.uri?eid=2-s2.0-85056719226&partnerID=40&md5=f82bd46b4bf7db9ecb36983af202ca67","Conference review","Final","","Scopus","2-s2.0-85056719226"
"Dhengre B.; Satpute R.S.","Dhengre, Bhargav (60415803000); Satpute, Reena S. (58346875300)","60415803000; 58346875300","Enhancing User Experience with Lightning Web Components","2026","Lecture Notes in Networks and Systems","1742 LNNS","","","258","270","0","10.1007/978-3-032-12987-1_25","https://www.scopus.com/inward/record.uri?eid=2-s2.0-105031052606&doi=10.1007%2F978-3-032-12987-1_25&partnerID=40&md5=250428fb5b64b5677469032406f83934","Conference paper","Final","","Scopus","2-s2.0-105031052606"
"Barve P.; De Amicis R.","Barve, Pranjali (57223088744); De Amicis, Raffaele (14008154100)","57223088744; 14008154100","A User-Centered Evaluation of a VR HMD-Based Harvester Training Simulator","2026","Multimodal Technologies and Interaction","10","2","15","","","0","10.3390/mti10020015","https://www.scopus.com/inward/record.uri?eid=2-s2.0-105031447917&doi=10.3390%2Fmti10020015&partnerID=40&md5=09bb616f6ed16e69632485675dee5072","Article","Final","All Open Access; Gold Open Access; Green Open Access","Scopus","2-s2.0-105031447917"
"Krsmanović B.; Krstić Z.; Damjanović S.","Krsmanović, Branko (44261338900); Krstić, Zvjezdana (59490818400); Damjanović, Srđan (57906855600)","44261338900; 59490818400; 57906855600","The Role of User Experience in E-learning for Bosnia and Herzegovina","2025","Lecture Notes in Networks and Systems","859 LNNS","","","520","530","0","10.1007/978-3-031-78155-1_47","https://www.scopus.com/inward/record.uri?eid=2-s2.0-85213341897&doi=10.1007%2F978-3-031-78155-1_47&partnerID=40&md5=f07eab2539db4f641d9c1885d5566314","Conference paper","Final","","Scopus","2-s2.0-85213341897"
"Raul S.L.; Kevadiya P.; Khan Z.; Pereira J.","Raul, Sanika Laxman (59008296000); Kevadiya, Parth (60149379200); Khan, Zaheer (60243391100); Pereira, Janisa (60102432600)","59008296000; 60149379200; 60243391100; 60102432600","A React.js-Based Approach for Enhancing Content Management and User Experience in Dynamic Web Applications","2025","2025 International Conference on Engineering Innovations and Technologies, ICoEIT 2025","","","","89","94","0","10.1109/ICoEIT63558.2025.11211620","https://www.scopus.com/inward/record.uri?eid=2-s2.0-105025049769&doi=10.1109%2FICoEIT63558.2025.11211620&partnerID=40&md5=1df754c61930d7a5b94ccf13ab83137c","Conference paper","Final","","Scopus","2-s2.0-105025049769"
"Olimverio M.J.B.; Olitoquit A.B.; Manahan K.H.; Santiago Jr C.S.; Marfil R.M.; Domingo G.M.","Olimverio, Marc Justine B. (60378080600); Olitoquit, Aileen B. (60378080700); Manahan, Keen Hydee (60377695600); Santiago Jr, Cereneo S. (57226717187); Marfil, Rowee M. (59703983300); Domingo, Gerlyn M. (60377820700)","60378080600; 60378080700; 60377695600; 57226717187; 59703983300; 60377820700","User Interface and User Experience Design on Software Usability: A Literature Review","2026","Smart Innovation, Systems and Technologies","465 SIST","","","246","256","0","10.1007/978-3-032-12830-0_22","https://www.scopus.com/inward/record.uri?eid=2-s2.0-105029651332&doi=10.1007%2F978-3-032-12830-0_22&partnerID=40&md5=9e0978559b378335d39f053f5af60e80","Conference paper","Final","","Scopus","2-s2.0-105029651332"
"Nasri M.; Narayan U.; Sonbudak M.F.; Simonson A.; Chiu M.; Donati J.; Sivak M.; Kosa M.; Harteveld C.","Nasri, Mahsa (58778417900); Narayan, Uttkarsh (57211156827); Sonbudak, Mustafa Feyyaz (57224006961); Simonson, Aubrey (57226796338); Chiu, Maria (59383596200); Donati, Jason (59463013500); Sivak, Mark (36106349000); Kosa, Mehmet (57027872500); Harteveld, Casper (23392508000)","58778417900; 57211156827; 57224006961; 57226796338; 59383596200; 59463013500; 36106349000; 57027872500; 23392508000","Designing a Virtual Reality Training Apprenticeship for Cold Spray Advanced Manufacturing","2024","Proceedings - 2024 IEEE International Symposium on Mixed and Augmented Reality Adjunct, ISMAR-Adjunct 2024","","","","541","544","6","10.1109/ISMAR-Adjunct64951.2024.00156","https://www.scopus.com/inward/record.uri?eid=2-s2.0-85214417767&doi=10.1109%2FISMAR-Adjunct64951.2024.00156&partnerID=40&md5=392fcc89cb5a1af748a1f196c61c4d0a","Conference paper","Final","","Scopus","2-s2.0-85214417767"
"Kim Y.; Ahn S.; Lee T.","Kim, Yoojin (57199720758); Ahn, Seungjoon (57199732032); Lee, Taeil (57199705071)","57199720758; 57199732032; 57199705071","Ux guidelines for designing audio guidance of multimedia contents for low-vision - with a focus on sound level difference and amount of auditory information","2017","Archives of Design Research","30","1","","131","142","0","10.15187/adr.2017.02.30.1.131","https://www.scopus.com/inward/record.uri?eid=2-s2.0-85038396103&doi=10.15187%2Fadr.2017.02.30.1.131&partnerID=40&md5=fff43aef1133ad27020e1a17a90ce5bb","Article","Final","All Open Access; Hybrid Gold Open Access","Scopus","2-s2.0-85038396103"
"Firmansyah B.; Jonathan M.; Andreas J.; Philip S.; Hidayaturrahman","Firmansyah, Bernand (58813070600); Jonathan, Markus (58813205200); Andreas, Jose (58813114900); Philip, Samuel (58144332900); Hidayaturrahman (57226269422)","58813070600; 58813205200; 58813114900; 58144332900; 57226269422","Application of UI/UX in Tourism Information Service Problems: A Review","2023","ACM International Conference Proceeding Series","","","","462","472","7","10.1145/3626641.3627603","https://www.scopus.com/inward/record.uri?eid=2-s2.0-85182388911&doi=10.1145%2F3626641.3627603&partnerID=40&md5=7a283c3fae63766891e1754136581673","Conference paper","Final","","Scopus","2-s2.0-85182388911"
"","","","26th International Conference on Human-Computer Interaction, HCII 2024","2025","Lecture Notes in Computer Science (including subseries Lecture Notes in Artificial Intelligence and Lecture Notes in Bioinformatics) ","15376 LNCS","","","","","0","","https://www.scopus.com/inward/record.uri?eid=2-s2.0-85212258676&partnerID=40&md5=95426f1724128ac9f0233012aef7aa24","Conference review","Final","","Scopus","2-s2.0-85212258676"
"Bae Y.; Im Y.","Bae, Yebin (59926592900); Im, Youngjae (37013623400)","59926592900; 37013623400","DIGITAL NUDGE AND UX PSYCHOLOGY: IMPROVING HUMAN VISUAL PERCEPTION ON MOBILE PLATFORMS","2025","International Journal of Industrial Engineering : Theory Applications and Practice","32","3","","630","640","0","10.23055/ijietap.2025.32.3.10907","https://www.scopus.com/inward/record.uri?eid=2-s2.0-105007146568&doi=10.23055%2Fijietap.2025.32.3.10907&partnerID=40&md5=f9f66bb00a7907573c95190a383eb1f2","Article","Final","","Scopus","2-s2.0-105007146568"
"Shah D.; Gupta D.; Saini S.","Shah, Dhruv (59138172700); Gupta, Deepa (58308294000); Saini, Sonia (57210543250)","59138172700; 58308294000; 57210543250","Evolving Perspectives: Exploring Accessibility and Inclusivity in Spatial UI/UX","2024","2024 11th International Conference on Reliability, Infocom Technologies and Optimization (Trends and Future Directions), ICRITO 2024","","","","","","2","10.1109/ICRITO61523.2024.10522459","https://www.scopus.com/inward/record.uri?eid=2-s2.0-85193799927&doi=10.1109%2FICRITO61523.2024.10522459&partnerID=40&md5=21d78ab1c13a6eb013b6485984fbc010","Conference paper","Final","","Scopus","2-s2.0-85193799927"
"Šimek P.; Jarolímek J.; Masner J.","Šimek, P. (58638588000); Jarolímek, J. (22985119700); Masner, J. (55505508700)","58638588000; 22985119700; 55505508700","Cross-Platform User Interface of a Web Application in Agrarian Sector","2014","Agris On-line Papers in Economics and Informatics","6","4","","155","160","2","","https://www.scopus.com/inward/record.uri?eid=2-s2.0-84920444117&partnerID=40&md5=3a83d69c127a2da81f011492f437444e","Article","Final","","Scopus","2-s2.0-84920444117"
"Quigley S.J.; Zimmerman A.; Buege R.","Quigley, Stephen J. (60338928500); Zimmerman, Abigail (60211421500); Buege, Raquel (60339854000)","60338928500; 60211421500; 60339854000","Kiosk! An interactive touchscreen project for multimodal UX composition learners","2026","Computers and Composition","79","","102974","","","0","10.1016/j.compcom.2025.102974","https://www.scopus.com/inward/record.uri?eid=2-s2.0-105027862579&doi=10.1016%2Fj.compcom.2025.102974&partnerID=40&md5=cd49f3143ae6c8202cf6f6ed682a49e8","Article","Final","All Open Access; Hybrid Gold Open Access","Scopus","2-s2.0-105027862579"
"Mihaljevic M.; Kirinic V.","Mihaljevic, Matej (60107727100); Kirinic, Valentina (24829475900)","60107727100; 24829475900","Enhancing Accessibility of Learning Analytics System User Interface: A Case Study","2025","2025 MIPRO 48th ICT and Electronics Convention, MIPRO 2025 - Proceedings","","","","424","429","0","10.1109/MIPRO65660.2025.11131813","https://www.scopus.com/inward/record.uri?eid=2-s2.0-105016699112&doi=10.1109%2FMIPRO65660.2025.11131813&partnerID=40&md5=d04b3b05e11b170c1035fa7b3e95af96","Conference paper","Final","","Scopus","2-s2.0-105016699112"
"Soundarya N.P.; Bhoomika S.; Ashok V.; Gupta H.K.","Soundarya, N.P. (57209850060); Bhoomika, Sura (60138517100); Ashok, Vaishali (59335535700); Gupta, Harshit Kumar (58821649700)","57209850060; 60138517100; 59335535700; 58821649700","AI Companion: Revolutionising Mental Well-Being Through Conversational UX","2025","Lecture Notes in Mechanical Engineering","","","","619","632","0","10.1007/978-981-96-5495-6_49","https://www.scopus.com/inward/record.uri?eid=2-s2.0-105018581051&doi=10.1007%2F978-981-96-5495-6_49&partnerID=40&md5=ce036bc61ba8b2e91d27bdf9f8116cc8","Conference paper","Final","","Scopus","2-s2.0-105018581051"
"Sari D.P.; Ardhi D.C.; Ma D.C.; Dumas C.","Sari, Dwi Puspita (56580025200); Ardhi, Dimaz Cahya (58528910400); Ma, Derick Chungcheh (59160911600); Dumas, Catherine (56448241500)","56580025200; 58528910400; 59160911600; 56448241500","Assessing the Effectiveness of UI/UX Design in Open Government Data Portal","2025","Proceedings of the Association for Information Science and Technology","62","1","","1667","1669","0","10.1002/pra2.1502","https://www.scopus.com/inward/record.uri?eid=2-s2.0-105019773810&doi=10.1002%2Fpra2.1502&partnerID=40&md5=3b95ba34fe8d872d4b84a45de49a981c","Article","Final","","Scopus","2-s2.0-105019773810"
"","","","8th International Conference on Design, User Experience, and Usability, DUXU 2019, held as part of the 21st International Conference on Human-Computer Interaction, HCI International 2019","2019","Lecture Notes in Computer Science (including subseries Lecture Notes in Artificial Intelligence and Lecture Notes in Bioinformatics)","11586 LNCS","","","","","0","","https://www.scopus.com/inward/record.uri?eid=2-s2.0-85069628921&partnerID=40&md5=55ab5ec4e6cb4016246d82b87248fd20","Conference review","Final","","Scopus","2-s2.0-85069628921"
"Bogdanova G.; Todorov T.; Dochkova-Todorova J.; Noev N.; Sabev N.","Bogdanova, Galina (6603789174); Todorov, Todor (24382075200); Dochkova-Todorova, Juliana (6505887482); Noev, Nikolay (36458667900); Sabev, Negoslav (57216658231)","6603789174; 24382075200; 6505887482; 36458667900; 57216658231","Design and Development Model of a Web Accessibility Ecosystem","2024","Information (Switzerland)","15","10","613","","","4","10.3390/info15100613","https://www.scopus.com/inward/record.uri?eid=2-s2.0-85207526353&doi=10.3390%2Finfo15100613&partnerID=40&md5=2f9d6968c186ccaece30e60e36e2b78c","Article","Final","All Open Access; Gold Open Access; Green Open Access","Scopus","2-s2.0-85207526353"
"Inal Y.; Guribye F.; Rajanen D.; Rajanen M.; Rost M.","Inal, Yavuz (16238894800); Guribye, Frode (35109052900); Rajanen, Dorina (57197799158); Rajanen, Mikko (22980992500); Rost, Mattias (14042265800)","16238894800; 35109052900; 57197799158; 22980992500; 14042265800","Perspectives and Practices of Digital Accessibility: A Survey of User Experience Professionals in Nordic Countries","2020","ACM International Conference Proceeding Series","","","","","","38","10.1145/3419249.3420119","https://www.scopus.com/inward/record.uri?eid=2-s2.0-85123041616&doi=10.1145%2F3419249.3420119&partnerID=40&md5=2e2a71d38abdd4945d97b69f4ffd6433","Conference paper","Final","","Scopus","2-s2.0-85123041616"
"","","","26th International Conference on Human-Computer Interaction, HCII 2024","2025","Lecture Notes in Computer Science (including subseries Lecture Notes in Artificial Intelligence and Lecture Notes in Bioinformatics) ","15381 LNCS","","","","","0","","https://www.scopus.com/inward/record.uri?eid=2-s2.0-85213300545&partnerID=40&md5=8a1f15a5b57402debb91c2eef974dff6","Conference review","Final","","Scopus","2-s2.0-85213300545"
"Palmer Z.B.; Oswal S.K.; Huntsman S.","Palmer, Zsuzsanna B. (55872569800); Oswal, Sushil K. (55481178500); Huntsman, Sherena (57211664987)","55872569800; 55481178500; 57211664987","Breaking the exclusionary boundary between user experience and access","2019","SIGDOC 2019 - Proceedings of the 37th ACM International Conference on the Design of Communication","","","37","","","12","10.1145/3328020.3353920","https://www.scopus.com/inward/record.uri?eid=2-s2.0-85074750605&doi=10.1145%2F3328020.3353920&partnerID=40&md5=dcbe959f7449e0ba00c7755452faf4d1","Conference paper","Final","","Scopus","2-s2.0-85074750605"
"Kim W.J.; Kim I.K.; Jeon M.K.; Kim J.","Kim, Woo Jin (57189296426); Kim, Il Kon (14919454400); Jeon, Man Ki (57189294890); Kim, Jongoh (57189299422)","57189296426; 14919454400; 57189294890; 57189299422","UX Design Guideline for Health Mobile Application to Improve Accessibility for the Visually Impaired","2016","2016 International Conference on Platform Technology and Service, PlatCon 2016 - Proceedings","","","7456838","","","15","10.1109/PlatCon.2016.7456838","https://www.scopus.com/inward/record.uri?eid=2-s2.0-84968542114&doi=10.1109%2FPlatCon.2016.7456838&partnerID=40&md5=fb2ce07973bf3b9e0d251cb1eb646e74","Conference paper","Final","","Scopus","2-s2.0-84968542114"
"Juliá-Nehme B.; Rosell J.","Juliá-Nehme, Begoña (57218282145); Rosell, Javiera (57203531964)","57218282145; 57203531964","Interaction and Design Barriers for Older Adults in Food Delivery Apps: A Usability Study","2025","International Journal of Human-Computer Interaction","41","9","","5761","5778","3","10.1080/10447318.2024.2365484","https://www.scopus.com/inward/record.uri?eid=2-s2.0-105004007129&doi=10.1080%2F10447318.2024.2365484&partnerID=40&md5=b938ce978247bb974f1d178e97451cc2","Article","Final","","Scopus","2-s2.0-105004007129"
"Firth A.","Firth, Ashley (59724100100)","59724100100","Practical Web Accessibility: A Comprehensive Guide to Digital Inclusion, Second Edition","2024","Practical Web Accessibility: A Comprehensive Guide to Digital Inclusion, Second Edition","","","","1","541","3","10.1007/979-8-8688-0152-5","https://www.scopus.com/inward/record.uri?eid=2-s2.0-105001894191&doi=10.1007%2F979-8-8688-0152-5&partnerID=40&md5=f86183ce149d48aa9670c15b05c20f1b","Book","Final","All Open Access; Bronze Open Access","Scopus","2-s2.0-105001894191"
"Ngamjarussrivichai P.; Wilairatana P.","Ngamjarussrivichai, Pichit (57202980015); Wilairatana, Phenpimon (57200283460)","57202980015; 57200283460","Development of Distribution Management System with Affiliate System of EVOGUE Platform; [การพัฒนาระบบการบริหารจัดการผู้จัดจำาหน่ายและกระจายสินค้า ด้วยรูปแบบแพลตฟอร์มของอีโว้ค]","2024","Science and Engineering Connect","47","1","","41","60","0","","https://www.scopus.com/inward/record.uri?eid=2-s2.0-105027549632&partnerID=40&md5=f66aed1771e8cb5ff289babe68575aed","Article","Final","","Scopus","2-s2.0-105027549632"
"Lehman M.; Nunes R.R.; Barroso J.; Rocha T.","Lehman, Miguel (59415689500); Nunes, Ricardo Rodrigues (36987211500); Barroso, João (20435746800); Rocha, Tânia (53364126200)","59415689500; 36987211500; 20435746800; 53364126200","Good Practices for Designing a UI/UX Motorcycle Display: A Systematic Literature Review","2024","WSEAS Transactions on Information Science and Applications","21","","","499","508","5","10.37394/23209.2024.21.45","https://www.scopus.com/inward/record.uri?eid=2-s2.0-85209589847&doi=10.37394%2F23209.2024.21.45&partnerID=40&md5=b831dc4104958ba6b1b8f6f1974cd59d","Review","Final","All Open Access; Gold Open Access","Scopus","2-s2.0-85209589847"
"Marconi L.; Longo L.; Cabitza F.","Marconi, Luca (57190131241); Longo, Luca (24314788200); Cabitza, Federico (16199544700)","57190131241; 24314788200; 16199544700","Assessing Interaction Quality in Human–AI Dialogue: An Integrative Review and Multi-Layer Framework for Conversational Agents","2026","Machine Learning and Knowledge Extraction","8","2","28","","","0","10.3390/make8020028","https://www.scopus.com/inward/record.uri?eid=2-s2.0-105031085800&doi=10.3390%2Fmake8020028&partnerID=40&md5=7a16dc8b2d46fc832fc0078e9c7c333c","Article","Final","All Open Access; Gold Open Access; Green Open Access","Scopus","2-s2.0-105031085800"
"Riecke B.E.; Keshavarz B.","Riecke, Bernhard E. (6603396361); Keshavarz, Behrang (36198342200)","6603396361; 36198342200","VR That Doesn't Make You Sick: Understanding & Mitigating Cybersickness","2025","Proceedings - SIGGRAPH 2025 Courses","","","9","","","0","10.1145/3721241.3733992","https://www.scopus.com/inward/record.uri?eid=2-s2.0-105020810525&doi=10.1145%2F3721241.3733992&partnerID=40&md5=551ad134fb2f4ed42baa2f7c6ee975bb","Conference paper","Final","All Open Access; Gold Open Access","Scopus","2-s2.0-105020810525"
"Sánchez A.Á.; González M.","Sánchez, Ana Álvarez (60347433500); González, Marianela (60347602600)","60347433500; 60347602600","Interface Design and User Experience for Digital Flight Logbooks: A Case Study in the Aeronautical Field","2026","Lecture Notes in Networks and Systems","1742 LNNS","","","271","279","0","10.1007/978-3-032-12987-1_26","https://www.scopus.com/inward/record.uri?eid=2-s2.0-105031098344&doi=10.1007%2F978-3-032-12987-1_26&partnerID=40&md5=b5a5da6ab0a4fc78cbf4867fdee4ea57","Conference paper","Final","","Scopus","2-s2.0-105031098344"
"Farag Y.; Narra G.; Balasubramaniam D.; Boyd K.M.","Farag, Yusuf (59139504600); Narra, Gopichand (57226814891); Balasubramaniam, Dharini (55887518100); Boyd, Kenneth M. (58515236100)","59139504600; 57226814891; 55887518100; 58515236100","EldersOnline: An Inclusive Platform that Leverages Intergenerational Learning to Improve the Digital Literacy and Social Connectedness of Older Adults","2026","Communications in Computer and Information Science","2762 CCIS","","","30","62","0","10.1007/978-3-032-10685-8_3","https://www.scopus.com/inward/record.uri?eid=2-s2.0-105027325134&doi=10.1007%2F978-3-032-10685-8_3&partnerID=40&md5=1c64f0ac77d043ba685dc036a40041b5","Conference paper","Final","","Scopus","2-s2.0-105027325134"
"Burkard A.; Zimmermann G.; Schwarzer B.","Burkard, Andreas (57216439590); Zimmermann, Gottfried (23398898300); Schwarzer, Bettina (57310825500)","57216439590; 23398898300; 57310825500","Monitoring Systems for Checking Websites on Accessibility","2021","Frontiers in Computer Science","3","","628770","","","18","10.3389/fcomp.2021.628770","https://www.scopus.com/inward/record.uri?eid=2-s2.0-85107363733&doi=10.3389%2Ffcomp.2021.628770&partnerID=40&md5=ec6abbc4bfe4c89899cc55fb3b87c848","Article","Final","All Open Access; Gold Open Access; Green Open Access","Scopus","2-s2.0-85107363733"
"Gabriele F.; Martins L.","Gabriele, Felipe (55803502500); Martins, Laura (55189443600)","55803502500; 55189443600","Human-Car Interface: A Systematic Literature Review","2023","Studies in Systems, Decision and Control","449","","","631","645","1","10.1007/978-3-031-12547-8_50","https://www.scopus.com/inward/record.uri?eid=2-s2.0-85138724816&doi=10.1007%2F978-3-031-12547-8_50&partnerID=40&md5=80ccdc9ef1b994fd17665b5d739e4e28","Book chapter","Final","","Scopus","2-s2.0-85138724816"
"Yang W.","Yang, Wenjin (57216128756)","57216128756","Ux Design of Artificial Intelligence News Robot","2020","IOP Conference Series: Materials Science and Engineering","740","1","012135","","","3","10.1088/1757-899X/740/1/012135","https://www.scopus.com/inward/record.uri?eid=2-s2.0-85082617201&doi=10.1088%2F1757-899X%2F740%2F1%2F012135&partnerID=40&md5=7b57002a5f747aaba7b0ed111815842e","Conference paper","Final","All Open Access; Gold Open Access","Scopus","2-s2.0-85082617201"
"Mastrogiuseppe M.; Soares Guedes L.; Landoni M.; Span S.; Bortolotti E.","Mastrogiuseppe, Marilina (56600555300); Soares Guedes, Leandro (57144054900); Landoni, Monica (7006670375); Span, Stefania (57218437951); Bortolotti, Elena (57218441805)","56600555300; 57144054900; 7006670375; 57218437951; 57218441805","Technology se and Familiarity as an Indicator of Its Adoption in Museum by People with Intellectual Disabilities","2022","Studies in Health Technology and Informatics","297","","","400","407","4","10.3233/SHTI220866","https://www.scopus.com/inward/record.uri?eid=2-s2.0-85137526983&doi=10.3233%2FSHTI220866&partnerID=40&md5=8860129c5e34f85cf959c839f69e3775","Conference paper","Final","All Open Access; Hybrid Gold Open Access","Scopus","2-s2.0-85137526983"
"Lancaster A.L.; King C.S.T.","Lancaster, Amber L. (14010387900); King, Carie S. Tucker (57194466942)","14010387900; 57194466942","Amplifying Voices in UX: Balancing Design and User Needs in Technical Communication","2024","Amplifying Voices in UX: Balancing Design and User Needs in Technical Communication","","","","1","479","7","","https://www.scopus.com/inward/record.uri?eid=2-s2.0-105019883753&partnerID=40&md5=c90c03989084e6750e8c49b26be99216","Book","Final","","Scopus","2-s2.0-105019883753"
"","","","24th International Conference on Human-Computer Interaction, HCII  2022","2022","Communications in Computer and Information Science","1655 CCIS","","","","","0","","https://www.scopus.com/inward/record.uri?eid=2-s2.0-85144645676&partnerID=40&md5=4c328f678c48ed454e3865c9d345a718","Conference review","Final","","Scopus","2-s2.0-85144645676"
"Maallem H.B.","Maallem, Héla Ben (60145269800)","60145269800","User-Centered Design (UCD) for Virtual Reality in Digital Cultural Heritage: A Case Study of “Djerba View VR”","2026","Lecture Notes in Computer Science","15741 LNCS","","","18","35","0","10.1007/978-3-031-97775-6_2","https://www.scopus.com/inward/record.uri?eid=2-s2.0-105019041160&doi=10.1007%2F978-3-031-97775-6_2&partnerID=40&md5=3c1e66e9f043685e738a7e6a88a75f18","Conference paper","Final","","Scopus","2-s2.0-105019041160"
"","","","Proceedings of 2025 11th International HCI and UX Conference in Indonesia, CHIuXiD 2025","2025","Proceedings of 2025 11th International HCI and UX Conference in Indonesia, CHIuXiD 2025","","","","","","0","","https://www.scopus.com/inward/record.uri?eid=2-s2.0-105033062711&partnerID=40&md5=c4e3a5630c8b206d8d2a86d9e96a80ee","Conference review","Final","","Scopus","2-s2.0-105033062711"
"Volentine R.; Specht A.; Allard S.; Frame M.; Hu R.; Zolly L.","Volentine, Rachel (55376777100); Specht, Alison (6603899872); Allard, Suzie (7006450046); Frame, Mike (36122784600); Hu, Rachael (57223425293); Zolly, Lisa (6508131547)","55376777100; 6603899872; 7006450046; 36122784600; 57223425293; 6508131547","Accessibility of environmental data for sharing: The role of UX in large cyberinfrastructure projects","2021","Ecological Informatics","63","","101317","","","6","10.1016/j.ecoinf.2021.101317","https://www.scopus.com/inward/record.uri?eid=2-s2.0-85105843912&doi=10.1016%2Fj.ecoinf.2021.101317&partnerID=40&md5=86e18b6ffaf037d4edf189c39cc1bc60","Article","Final","All Open Access; Hybrid Gold Open Access","Scopus","2-s2.0-85105843912"
"","","","26th International Conference on Human-Computer Interaction, HCII 2024","2025","Lecture Notes in Computer Science (including subseries Lecture Notes in Artificial Intelligence and Lecture Notes in Bioinformatics) ","15379 LNCS","","","","","0","","https://www.scopus.com/inward/record.uri?eid=2-s2.0-85212946311&partnerID=40&md5=d5c93afa25520789d500afe6786a9f2b","Conference review","Final","","Scopus","2-s2.0-85212946311"
"","","","26th International Conference on Human-Computer Interaction, HCII 2024","2024","Communications in Computer and Information Science","2116 CCIS","","","","","0","","https://www.scopus.com/inward/record.uri?eid=2-s2.0-85197167525&partnerID=40&md5=dae3f6d79512b1105d5dd0d6cd662378","Conference review","Final","","Scopus","2-s2.0-85197167525"
"Giacobone G.A.; Mincolelli G.; Imbesi S.","Giacobone, Gian Andrea (57202829235); Mincolelli, Giuseppe (56426123300); Imbesi, Silvia (57195216103)","57202829235; 56426123300; 57195216103","Inclusive cultural heritage in Europe: co-designing an accessible user experience for digital architectural conservation","2024","Journal of Architectural Conservation","30","1","","19","34","5","10.1080/13556207.2023.2296216","https://www.scopus.com/inward/record.uri?eid=2-s2.0-85181195061&doi=10.1080%2F13556207.2023.2296216&partnerID=40&md5=9ea6ec6d134b08096292b1342ff497d3","Article","Final","","Scopus","2-s2.0-85181195061"
"Carter A.R.L.; Sturdee M.; Dix A.","Carter, Anna R. L. (57673578500); Sturdee, Miriam (57188759450); Dix, Alan (7005324365)","57673578500; 57188759450; 7005324365","Prototyping InContext: Exploring New Paradigms in User Experience Tools","2022","ACM International Conference Proceeding Series","","","22","","","3","10.1145/3531073.3531175","https://www.scopus.com/inward/record.uri?eid=2-s2.0-85132313512&doi=10.1145%2F3531073.3531175&partnerID=40&md5=232652ec1e71397fccf83903c10ae691","Conference paper","Final","All Open Access; Gold Open Access","Scopus","2-s2.0-85132313512"
"Dhuzuki N.H.M.; Zainuddin A.A.; Kamarudin S.I.; Handayani D.; Subramaniam K.; Tamrin M.I.M.","Dhuzuki, Nurul Hanis Mohd (59251484400); Zainuddin, Ahmad Anwar (35410980600); Kamarudin, Saidatul Izyanie (55062726000); Handayani, Dini (49663073000); Subramaniam, Krishnan (57197459462); Tamrin, Mohd. Izzuddin Mohd. (55758502100)","59251484400; 35410980600; 55062726000; 49663073000; 57197459462; 55758502100","Web-Based Medical Information System for Stroke Rehabilitation Intemet-of-Things (RIOT) Patients: A Prototype","2024","6th IEEE International Conference on Artificial Intelligence in Engineering and Technology, IICAIET 2024","","","","326","330","2","10.1109/IICAIET62352.2024.10729958","https://www.scopus.com/inward/record.uri?eid=2-s2.0-85209660610&doi=10.1109%2FIICAIET62352.2024.10729958&partnerID=40&md5=f3dd9d6fd262a73f4c9e444e520be685","Conference paper","Final","","Scopus","2-s2.0-85209660610"
"Lambrecht K.","Lambrecht, Kathryn (57208866185)","57208866185","'The eyes don't lie': How Eye-Tracking Doubles as a Community Research and Pedagogical Tool","2023","Proceedings of the 41st International Conference on Design of Communication, SIGDOC 2023","","","","174","176","2","10.1145/3615335.3623030","https://www.scopus.com/inward/record.uri?eid=2-s2.0-85178316234&doi=10.1145%2F3615335.3623030&partnerID=40&md5=1109470401b424e9bdace5cbd1e9f205","Conference paper","Final","","Scopus","2-s2.0-85178316234"
"Jantan A.H.; Norowi N.M.; Yazid M.A.","Jantan, Azrul Hazri (55533238100); Norowi, Noris Mohd (24766399900); Yazid, Mariam Azwa (57200577235)","55533238100; 24766399900; 57200577235","UI/UX Fundamental Design for Mobile Application Prototype to Support Web Accessibility and Usability Acceptance A Scenario-based Design of Mobile Application for Visually Impaired Users","2023","ACM International Conference Proceeding Series","","","","105","111","2","10.1145/3587828.3587845","https://www.scopus.com/inward/record.uri?eid=2-s2.0-85163830396&doi=10.1145%2F3587828.3587845&partnerID=40&md5=4005245f1c3e7ff4060987f2a0104a39","Conference paper","Final","","Scopus","2-s2.0-85163830396"
"Kaur S.; Sandhu K.; Sarkar P.; Subburaj K.","Kaur, Simranjeet (57217782309); Sandhu, Kamalpreet (57207347609); Sarkar, Prabir (55755355000); Subburaj, Karupppasamy (34881153800)","57217782309; 57207347609; 55755355000; 34881153800","Understanding User Experience: Exploration of Various Definitions Using Natural Language Process","2025","Lecture Notes in Mechanical Engineering","","","","231","241","0","10.1007/978-981-96-5495-6_18","https://www.scopus.com/inward/record.uri?eid=2-s2.0-105018575984&doi=10.1007%2F978-981-96-5495-6_18&partnerID=40&md5=3283259c1024892df9821636247e4bec","Conference paper","Final","","Scopus","2-s2.0-105018575984"
"Asri F.H.M.; Singh D.; Mansor Z.; Norman H.","Asri, Farhan Hanis Muhmad (58810929700); Singh, Dalbir (55802371756); Mansor, Zulkefli (56523538400); Norman, Helmi (55512964700)","58810929700; 55802371756; 56523538400; 55512964700","A Review of Cross-Cultural Design to Improve User Engagement for Learning Management System","2024","KSII Transactions on Internet and Information Systems","18","2","","397","419","9","10.3837/tiis.2024.02.007","https://www.scopus.com/inward/record.uri?eid=2-s2.0-85193382327&doi=10.3837%2Ftiis.2024.02.007&partnerID=40&md5=b66bfdb0b7ec6c566ee135024966e767","Article","Final","All Open Access; Gold Open Access","Scopus","2-s2.0-85193382327"
"Robles T.D.J.A.; Rodriguez B.A.M.; Irazoqui B.J.B.; Rodriguez F.J.A.; Bringas J.A.S.","Robles, Teresita De Jesus Alvarez (57538771200); Rodriguez, Bryan Anthony Munoz (57223294076); Irazoqui, Brandon Julian Borrego (57223310990); Rodriguez, Francisco Javier Alvarez (57212138453); Bringas, Jesus Andres Sandoval (57215127688)","57538771200; 57223294076; 57223310990; 57212138453; 57215127688","Analysis and Design of a serious game to support children with obesity in Mexico: Proposal of the serious game, Run Boy Go!","2020","Proceedings - 2020 3rd International Conference of Inclusive Technology and Education, CONTIE 2020","","","9407877","145","153","0","10.1109/CONTIE51334.2020.00035","https://www.scopus.com/inward/record.uri?eid=2-s2.0-85105503773&doi=10.1109%2FCONTIE51334.2020.00035&partnerID=40&md5=2c9ec19029e6638b7ae865695317956c","Conference paper","Final","","Scopus","2-s2.0-85105503773"
"Kapoor P.","Kapoor, Poornima (57223603564)","57223603564","Mobile User Experience (UX) Design Guidelines Considering the Need for Accessibility","2021","Smart Innovation, Systems and Technologies","221","","","437","450","1","10.1007/978-981-16-0041-8_37","https://www.scopus.com/inward/record.uri?eid=2-s2.0-85105937579&doi=10.1007%2F978-981-16-0041-8_37&partnerID=40&md5=eb0f014e30319ae9a677c2bf714b60fe","Conference paper","Final","","Scopus","2-s2.0-85105937579"
"Park B.-M.; Kim C.-S.","Park, Bu-Mi (57092401600); Kim, Chang-Soo (55645446000)","57092401600; 55645446000","Personalized service studies CSS for web accessibility improvement of the senior generation","2015","International Journal of Multimedia and Ubiquitous Engineering","10","12","","89","96","1","10.14257/ijmue.2015.10.12.10","https://www.scopus.com/inward/record.uri?eid=2-s2.0-84956867994&doi=10.14257%2Fijmue.2015.10.12.10&partnerID=40&md5=f0dc7a325f966e00bf0c8b696776e9b3","Article","Final","","Scopus","2-s2.0-84956867994"
"Spevak K.; Hoelbing D.P.; Schmelz D.; Baranyi R.; Grechenig T.","Spevak, Karin (59957110100); Hoelbing, Dominik Peter (59957520700); Schmelz, Dominik (57206845260); Baranyi, Rene (56026868700); Grechenig, Thomas (6507720565)","59957110100; 59957520700; 57206845260; 56026868700; 6507720565","Banking Innovation vs. Elderly People: The Limits of Mobile Banking and Self-Service Stations-An Empirical Report to Improve Inclusive Design","2025","Lecture Notes in Computer Science","15823 LNCS","","","367","385","0","10.1007/978-3-031-93061-4_23","https://www.scopus.com/inward/record.uri?eid=2-s2.0-105008750456&doi=10.1007%2F978-3-031-93061-4_23&partnerID=40&md5=beed7e458506ff9585b3138ffc83bb10","Conference paper","Final","","Scopus","2-s2.0-105008750456"
"Navarrete R.; Luján-Mora S.","Navarrete, Rosa (56209050900); Luján-Mora, Sergio (6603381780)","56209050900; 6603381780","Bridging the accessibility gap in Open Educational Resources","2018","Universal Access in the Information Society","17","4","","755","774","46","10.1007/s10209-017-0529-9","https://www.scopus.com/inward/record.uri?eid=2-s2.0-85014511522&doi=10.1007%2Fs10209-017-0529-9&partnerID=40&md5=c0d9d695930c083e7d39376c6d334917","Article","Final","","Scopus","2-s2.0-85014511522"
"Gromisch E.S.; Manasoiu A.D.; Neto L.O.; Turner A.P.; Ehde D.M.; Agresta T.; Delmastro H.M.; Haselkorn J.K.; Gokhale S.S.","Gromisch, Elizabeth S. (55445432600); Manasoiu, Alex D. (60102517100); Neto, Lindsay O. (57204417955); Turner, Aaron P. (57397541300); Ehde, Dawn M. (6603834909); Agresta, Thomas (12806542300); Delmastro, Heather M. (57202832125); Haselkorn, Jodie K. (7003307968); Gokhale, Swapna S. (7102468162)","55445432600; 60102517100; 57204417955; 57397541300; 6603834909; 12806542300; 57202832125; 7003307968; 7102468162","Prototype Development and Initial Usability Testing of Managing My MS My Way","2025","Proceedings - 2025 IEEE 49th Annual Computers, Software, and Applications Conference, COMPSAC 2025","","","","2088","2093","0","10.1109/COMPSAC65507.2025.00292","https://www.scopus.com/inward/record.uri?eid=2-s2.0-105016226770&doi=10.1109%2FCOMPSAC65507.2025.00292&partnerID=40&md5=3a3c9ce728583f55b674eb9a6b2ef783","Conference paper","Final","","Scopus","2-s2.0-105016226770"
"Zhang Y.; Chen S.; Fan L.; Chen C.; Li X.","Zhang, Yuxin (58081003400); Chen, Sen (57190395316); Fan, Lingling (57197024797); Chen, Chunyang (57191225906); Li, Xiaohong (57022407900)","58081003400; 57190395316; 57197024797; 57191225906; 57022407900","Automated and Context-Aware Repair of Color-Related Accessibility Issues for Android Apps","2023","ESEC/FSE 2023 - Proceedings of the 31st ACM Joint Meeting European Software Engineering Conference and Symposium on the Foundations of Software Engineering","","","","1255","1267","10","10.1145/3611643.3616329","https://www.scopus.com/inward/record.uri?eid=2-s2.0-85180550792&doi=10.1145%2F3611643.3616329&partnerID=40&md5=a3ce13f78c70825e21c65ae3fef8c394","Conference paper","Final","","Scopus","2-s2.0-85180550792"
"Ro E.R.; An K.O.; Kim A.J.; Jang S.U.; Kim E.J.; Eun S.D.","Ro, Eun Rae (57480046000); An, Kwang Ok (7202344841); Kim, Agnes Jihae (57204140614); Jang, Sung Uk (58812721700); Kim, Eun Joo (58812027900); Eun, Seon Deok (57188871950)","57480046000; 7202344841; 57204140614; 58812721700; 58812027900; 57188871950","Usability Study to Promote Co-Creation among People with Disabilities, Developers, and Makers with a Focus on the Assistive Technology Open Platform in Korea","2024","IEEE Access","12","","","39016","39027","4","10.1109/ACCESS.2023.3345036","https://www.scopus.com/inward/record.uri?eid=2-s2.0-85182350239&doi=10.1109%2FACCESS.2023.3345036&partnerID=40&md5=56100cfec04ef82ff748d520657b10de","Article","Final","All Open Access; Gold Open Access; Green Open Access","Scopus","2-s2.0-85182350239"
"Massachi T.","Massachi, Talie (57192864546)","57192864546","More than a Checklist: Redesigning a UI/UX Curriculum to Emphasize Accessibility","2024","SIGCSE 2024 - Proceedings of the 55th ACM Technical Symposium on Computer Science Education","2","","","1744","1745","2","10.1145/3626253.3635534","https://www.scopus.com/inward/record.uri?eid=2-s2.0-85189148350&doi=10.1145%2F3626253.3635534&partnerID=40&md5=6ede94370baf2c1649ce7dada9b43a8d","Conference paper","Final","","Scopus","2-s2.0-85189148350"
"Almeida F.; Monteiro J.A.","Almeida, Fernando (36599853700); Monteiro, José Augusto (57222183344)","36599853700; 57222183344","Approaches and principles for UX web experiences: A case study approach","2017","International Journal of Information Technology and Web Engineering","12","2","","49","65","12","10.4018/IJITWE.2017040103","https://www.scopus.com/inward/record.uri?eid=2-s2.0-85012195867&doi=10.4018%2FIJITWE.2017040103&partnerID=40&md5=a3d0ab9c2a6fcbe3c84a94f66231d5fa","Review","Final","","Scopus","2-s2.0-85012195867"
"Dicholkar K.; Bhowmik R.","Dicholkar, Kedar (60109574300); Bhowmik, Ritwij (60109457900)","60109574300; 60109457900","Sursadhana: A UX Case Study Exploring the Preservation and Propagation of the Practice of Indian Classical Music","2025","Lecture Notes in Mechanical Engineering","","","","447","464","0","10.1007/978-981-96-5503-8_36","https://www.scopus.com/inward/record.uri?eid=2-s2.0-105016676011&doi=10.1007%2F978-981-96-5503-8_36&partnerID=40&md5=084e18a63391da4927639569ebd8f712","Conference paper","Final","","Scopus","2-s2.0-105016676011"
"","","","9th International Conference on Design, User Experience, and Usability, DUXU 2020, held as part of the 22nd International Conference on Human-Computer Interaction, HCII 2020","2020","Lecture Notes in Computer Science (including subseries Lecture Notes in Artificial Intelligence and Lecture Notes in Bioinformatics)","12200 LNCS","","","","","0","","https://www.scopus.com/inward/record.uri?eid=2-s2.0-85088785819&partnerID=40&md5=ccc5d415a8fb5aee423b8de82e74670d","Conference review","Final","","Scopus","2-s2.0-85088785819"
"Urrutia J.I.G.; Brangier E.; Senderowicz V.; Cessat L.","Urrutia, Josefina Isabel Gil (57194799551); Brangier, Eric (6506731484); Senderowicz, Véronique (57194795721); Cessat, Laurent (57194798420)","57194799551; 6506731484; 57194795721; 57194798420","Beyond “Usability and user experience”, towards an integrative heuristic inspection: From accessibility to persuasiveness in the UX evaluation a case study on an insurance prospecting tablet application","2018","Advances in Intelligent Systems and Computing","607","","","460","470","4","10.1007/978-3-319-60492-3_44","https://www.scopus.com/inward/record.uri?eid=2-s2.0-85022333319&doi=10.1007%2F978-3-319-60492-3_44&partnerID=40&md5=3848b51d5bf03770ffd691cb72b83af4","Conference paper","Final","","Scopus","2-s2.0-85022333319"
"Aljedaani W.; Parthasarathy P.D.; Joshi S.","Aljedaani, Wajdi (57201557865); Parthasarathy, P.D. (57201256821); Joshi, Swaroop (57189076964)","57201557865; 57201256821; 57189076964","Evaluating the Impact of Accessibility Testing Tool Usage Across the Software Development Lifecycle in Student Projects","2026","SIGCSE TS 2026 - Proceedings of the 57th ACM Technical Symposium on Computer Science Education V.1","","","","24","30","0","10.1145/3770762.3772579","https://www.scopus.com/inward/record.uri?eid=2-s2.0-105031906667&doi=10.1145%2F3770762.3772579&partnerID=40&md5=9b49a0f6b1ee4ba504ca9a335a4576e2","Conference paper","Final","All Open Access; Gold Open Access","Scopus","2-s2.0-105031906667"
"Hallewell Haslwanter J.D.; Takacs C.","Hallewell Haslwanter, Jean D. (57191609867); Takacs, Christiane (6601989314)","57191609867; 6601989314","Ageism in Design: Accessibility Without User Experience?","2022","Lecture Notes in Computer Science (including subseries Lecture Notes in Artificial Intelligence and Lecture Notes in Bioinformatics)","13342 LNCS","","","517","525","1","10.1007/978-3-031-08645-8_61","https://www.scopus.com/inward/record.uri?eid=2-s2.0-85135009850&doi=10.1007%2F978-3-031-08645-8_61&partnerID=40&md5=566851e03ef0a54f2942f15d097a5a55","Conference paper","Final","All Open Access; Hybrid Gold Open Access","Scopus","2-s2.0-85135009850"
"Sanchis-Font R.; Castro-Bleda M.-J.; Jordá-Albiñana B.; López-Cuerva L.","Sanchis-Font, Rosario (57209340073); Castro-Bleda, María-José (23391692900); Jordá-Albiñana, Begoña (28067828700); López-Cuerva, Luis (59180929100)","57209340073; 23391692900; 28067828700; 59180929100","E-LEARNING UNIVERSITY EVALUATION THROUGH SENTIMENT ANALYSIS CENTERED ON USER EXPERIENCE DIMENSIONS","2023","Dyna (Spain)","98","2","","","","0","10.6036/10603","https://www.scopus.com/inward/record.uri?eid=2-s2.0-85196480547&doi=10.6036%2F10603&partnerID=40&md5=ab0d0f27a88e3f9257194ea957883918","Article","Final","All Open Access; Green Open Access","Scopus","2-s2.0-85196480547"
"Halbach T.; Fuglerud K.S.; Simon-Liedtke J.T.","Halbach, Till (6601922566); Fuglerud, Kristin Skeide (35408985300); Simon-Liedtke, Joschua Thomas (56534229500)","6601922566; 35408985300; 56534229500","Towards a Model for Assessing the Maturity of Organizations’ Work on Universally Designed Digital Solutions","2024","Studies in Health Technology and Informatics","320","","","404","411","0","10.3233/SHTI241034","https://www.scopus.com/inward/record.uri?eid=2-s2.0-85210050760&doi=10.3233%2FSHTI241034&partnerID=40&md5=3fd3fbf621378262c688ca775f8176b2","Conference paper","Final","All Open Access; Hybrid Gold Open Access","Scopus","2-s2.0-85210050760"
"Kang M.; Fang S.","Kang, Min (60416061700); Fang, Suochun (60418665600)","60416061700; 60418665600","An EV Charging UX Design Exploration for Broader Distribution of Level 2 Charging System With Improved User Experience","2024","Applied Human Factors and Ergonomics International","144","","","112","121","0","10.54941/ahfe1005123","https://www.scopus.com/inward/record.uri?eid=2-s2.0-105031293182&doi=10.54941%2Fahfe1005123&partnerID=40&md5=3d88026de79c7092eaa0f47313253a60","Book chapter","Final","","Scopus","2-s2.0-105031293182"
"Cadzow A.","Cadzow, Alexander (57195067750)","57195067750","Impact of cognitive learning disorders on accessing online resources","2017","Lecture Notes in Computer Science (including subseries Lecture Notes in Artificial Intelligence and Lecture Notes in Bioinformatics)","10279 LNCS","","","363","381","3","10.1007/978-3-319-58700-4_30","https://www.scopus.com/inward/record.uri?eid=2-s2.0-85025176716&doi=10.1007%2F978-3-319-58700-4_30&partnerID=40&md5=05729cd959332d288a126c17ca18efd9","Conference paper","Final","","Scopus","2-s2.0-85025176716"
"Kao Ping-Hui; Gates William A.; Thompson Bruce A.; McCluskey Dale K.","Kao, Ping-Hui (36899798100); Gates, William A. (7004451105); Thompson, Bruce A. (57211899940); McCluskey, Dale K. (7004045896)","36899798100; 7004451105; 57211899940; 7004045896","Support for the ISO 9660/HSG CD-ROM file system standard in the HP-UX operating system","1990","Hewlett-Packard Journal","41","6","","54","59","0","","https://www.scopus.com/inward/record.uri?eid=2-s2.0-0025628295&partnerID=40&md5=7510ba286f8bea5099adb8d9a31ca724","Article","Final","","Scopus","2-s2.0-0025628295"
"Smith T.M.; Huff E.W., Jr; Murugu H.","Smith, Taylor Mone (60368310400); Huff, Earl W. (57202994006); Murugu, Hansika (59299801900)","60368310400; 57202994006; 59299801900","The Shift Towards Inclusion and Accessibility: The Impact of Inclusive Design on UX Career Preparation","2025","ASEE Annual Conference and Exposition, Conference Proceedings","","","","","","0","10.18260/1-2--57269","https://www.scopus.com/inward/record.uri?eid=2-s2.0-105029188154&doi=10.18260%2F1-2--57269&partnerID=40&md5=abe623b5036545884730968760e3dfb9","Conference paper","Final","","Scopus","2-s2.0-105029188154"
"Ismail A.; Yusof M.F.M.; Sahlan N.S.; Omar S.; Rabai S.N.M.; Esa S.F.M.; Surip A.G.; Yazid K.A.; Ismail N.A.; Awang R.","Ismail, Adnan (57558485800); Yusof, Mohamad Faisal Mohamed (57558485900); Sahlan, Norafiza Saleha (57191483491); Omar, Samsuddin (57557711700); Rabai, Siti Nordiana Mohd (57210927169); Esa, Syahidah Fariza Moh (57210936245); Surip, Abdul Ghaffar (57557451300); Yazid, Khairul Anuar (57559012400); Ismail, Nur Amie (57214460775); Awang, Ridzuan (57558224800)","57558485800; 57558485900; 57191483491; 57557711700; 57210927169; 57210936245; 57557451300; 57559012400; 57214460775; 57558224800","MYMARHALAH: A SMART NAVIGATION MOBILE APPLICATION for MUSAFIR in MALAYSIA USING GIS and RELATED TECHNOLOGIES","2021","42nd Asian Conference on Remote Sensing, ACRS 2021","","","","","","0","","https://www.scopus.com/inward/record.uri?eid=2-s2.0-85127412299&partnerID=40&md5=ed321ba431cc3b932eaf8f45b8869f95","Conference paper","Final","","Scopus","2-s2.0-85127412299"
"Firth A.","Firth, Ashley (59724100100)","59724100100","Practical Web Inclusion and Accessibility: A Comprehensive Guide to Access Needs","2019","Practical Web Inclusion and Accessibility: A Comprehensive Guide to Access Needs","","","","1","470","2","10.1007/978-1-4842-5452-3","https://www.scopus.com/inward/record.uri?eid=2-s2.0-105006951647&doi=10.1007%2F978-1-4842-5452-3&partnerID=40&md5=8fae4c9cb160cf655be63098baf5ffda","Book","Final","All Open Access; Bronze Open Access","Scopus","2-s2.0-105006951647"
"Arshad U.; Yasir T.; Shakeel T.","Arshad, Urooj (57537253300); Yasir, Tahreem (57205291807); Shakeel, Tanzeela (57209097106)","57537253300; 57205291807; 57209097106","Web Usability and User Experience for Pakistani E-commerce websites","2021","4th International Conference on Innovative Computing, ICIC 2021","","","","","","3","10.1109/ICIC53490.2021.9693036","https://www.scopus.com/inward/record.uri?eid=2-s2.0-85126655981&doi=10.1109%2FICIC53490.2021.9693036&partnerID=40&md5=26ec6edfc4dadafded60b079831c8b49","Conference paper","Final","","Scopus","2-s2.0-85126655981"
"Thakkar A.; Shin Y.","Thakkar, Ankitaben (60401750200); Shin, Youngsoo (56995498400)","60401750200; 56995498400","ElderEats: Simplifying Food Delivery for Elderly Users","2025","Applied Human Factors and Ergonomics International","199","","","2006","2015","0","10.54941/ahfe1007012","https://www.scopus.com/inward/record.uri?eid=2-s2.0-105030243502&doi=10.54941%2Fahfe1007012&partnerID=40&md5=b211c9b5cf26997740952fccbd2b03e6","Book chapter","Final","","Scopus","2-s2.0-105030243502"
"Cantuni R.","Cantuni, Rubens (58335820300)","58335820300","Designing Digital Products for Kids: Deliver User Experiences That Delight Kids, Parents, and Teachers","2020","Designing Digital Products for Kids: Deliver User Experiences That Delight Kids, Parents, and Teachers","","","","1","257","5","10.1007/978-1-4842-6287-0","https://www.scopus.com/inward/record.uri?eid=2-s2.0-85162731984&doi=10.1007%2F978-1-4842-6287-0&partnerID=40&md5=4f1cb3d746a58008283379b8a35fb6de","Book","Final","All Open Access; Bronze Open Access","Scopus","2-s2.0-85162731984"
"Lnenicka M.; Nikiforova A.; Wang D.; Bernardini F.","Lnenicka, Martin (55743937500); Nikiforova, Anastasija (57204202481); Wang, Di (57203295860); Bernardini, Flávia (15845100200)","55743937500; 57204202481; 57203295860; 15845100200","UX competitive analysis of smart city open data portals: usability framework, design recommendations, and a roadmap for sustainable data ecosystems","2025","Telematics and Informatics","100","","102284","","","3","10.1016/j.tele.2025.102284","https://www.scopus.com/inward/record.uri?eid=2-s2.0-105006492801&doi=10.1016%2Fj.tele.2025.102284&partnerID=40&md5=678f68e35a84c0a931708fa701c9c3b6","Article","Final","","Scopus","2-s2.0-105006492801"
"Armstrong M.; Brown A.; Crabb M.; Hughes C.J.; Jones R.; Sandford J.","Armstrong, Mike (57040522200); Brown, Andy (57212395814); Crabb, Michael (56421925900); Hughes, Chris J. (57040431000); Jones, Rhianne (56160498000); Sandford, James (57206564173)","57040522200; 57212395814; 56421925900; 57040431000; 56160498000; 57206564173","Understanding the Diverse Needs of Subtitle Users in a Rapidly Evolving Media Landscape","2016","SMPTE Motion Imaging Journal","125","9","7803451","33","41","11","10.5594/JMI.2016.2614919","https://www.scopus.com/inward/record.uri?eid=2-s2.0-85009064479&doi=10.5594%2FJMI.2016.2614919&partnerID=40&md5=54dac4303a4a4c433c5602845fa46310","Conference paper","Final","All Open Access; Green Open Access","Scopus","2-s2.0-85009064479"
"Lee H.; Cheong J.; Kim M.; Kim J.; Kim H.","Lee, Heewon (60205876600); Cheong, Juwon (60206327500); Kim, Minsung (60206179800); Kim, Jia (60206779900); Kim, Hyunjung (60206626900)","60205876600; 60206327500; 60206179800; 60206779900; 60206626900","Enhancing Accessibility in Webtoons: Investigating Audio Effect Placement Strategies for Visually Impaired Users","2025","ASSETS 2025 - Proceedings of the 27th International ACM SIGACCESS Conference on Computers and Accessibility","","","176","","","0","10.1145/3663547.3759420","https://www.scopus.com/inward/record.uri?eid=2-s2.0-105022640402&doi=10.1145%2F3663547.3759420&partnerID=40&md5=af9246c4c73ed733e536408dd3d0364d","Conference paper","Final","","Scopus","2-s2.0-105022640402"
"Basu R.; Das A.; Gupta P.; Sen S.; Sadhukhan B.; Das N.","Basu, Rajdeep (58067202500); Das, Ameyo (60221806900); Gupta, Pratick (58655464400); Sen, Saikat (60221836100); Sadhukhan, Bikash (6602555524); Das, Nabanita (57811861900)","58067202500; 60221806900; 58655464400; 60221836100; 6602555524; 57811861900","Multimodal Evaluation of Language and Speech Models with API Integration: A Quantitative and UX-Centric Analysis","2025","2nd International Conference on Intelligent Algorithms for Computational Intelligence Systems, IACIS 2025","","","","","","0","10.1109/IACIS65746.2025.11211373","https://www.scopus.com/inward/record.uri?eid=2-s2.0-105023636933&doi=10.1109%2FIACIS65746.2025.11211373&partnerID=40&md5=f6c795de6bb3ef718ca1e085cb66d9af","Conference paper","Final","","Scopus","2-s2.0-105023636933"
"Kasote S.; Shetty N.","Kasote, Sparshad (57196009952); Shetty, Neha (59185623200)","57196009952; 59185623200","Your Design SUXS (Sustainability UX Score)","2024","Communications in Computer and Information Science","2120 CCIS","","","404","412","0","10.1007/978-3-031-62110-9_44","https://www.scopus.com/inward/record.uri?eid=2-s2.0-85196738781&doi=10.1007%2F978-3-031-62110-9_44&partnerID=40&md5=25e3b2397c853da85eca5c7451474ff4","Conference paper","Final","","Scopus","2-s2.0-85196738781"
"Chaganti K.R.; Ramula U.S.; Sathyanarayana C.; Changala R.; Kirankumar N.; Gupta K.G.","Chaganti, Koushik Reddy (58527863800); Ramula, Uttham Sai (59863755400); Sathyanarayana, Cheruku (58909170000); Changala, Ravindra (57195558399); Kirankumar, N. (58909063200); Gupta, K. Gurnadha (59174061700)","58527863800; 59863755400; 58909170000; 57195558399; 58909063200; 59174061700","UI/UX Design for Online Learning Approach by Predictive Student Experience","2023","7th International Conference on Electronics, Communication and Aerospace Technology, ICECA 2023 - Proceedings","","","","794","799","4","10.1109/ICECA58529.2023.10395866","https://www.scopus.com/inward/record.uri?eid=2-s2.0-85186127591&doi=10.1109%2FICECA58529.2023.10395866&partnerID=40&md5=362627ddcf2fe339e7421dcef23cc78c","Conference paper","Final","","Scopus","2-s2.0-85186127591"
"Fichter D.; Wisniewski J.","Fichter, Darlene (55900941200); Wisniewski, Jeff (22958822400)","55900941200; 22958822400","Web development best practices","2012","Online (Wilton, Connecticut)","36","1","","57","60","0","","https://www.scopus.com/inward/record.uri?eid=2-s2.0-84856296103&partnerID=40&md5=3527cbfff12151d726516e4dfde7cc65","Article","Final","","Scopus","2-s2.0-84856296103"
"Paletta F.C.; Gonzalez Aguilar A.; Verlaet L.","Paletta, Francisco Carlos (56315280900); Gonzalez Aguilar, Audilio (59965912500); Verlaet, Lise (55919143700)","56315280900; 59965912500; 55919143700","From Competency Mapping to Cognitive Navigation: The OLIVE Project and the Metro Map Metaphor in Educational Guidance","2025","Lecture Notes in Networks and Systems","1694 LNNS","","","208","217","0","10.1007/978-3-032-09080-5_22","https://www.scopus.com/inward/record.uri?eid=2-s2.0-105022683698&doi=10.1007%2F978-3-032-09080-5_22&partnerID=40&md5=fb5e6d4c688a250edf65c0891634264a","Conference paper","Final","","Scopus","2-s2.0-105022683698"
"Acharya K.R.","Acharya, Keshab Raj (57203723861)","57203723861","Designing Equitable and Inclusive mHealth Technology: Insights from Global South Healthcare Practitioners","2024","IEEE Transactions on Professional Communication","67","2","","229","245","4","10.1109/TPC.2024.3387179","https://www.scopus.com/inward/record.uri?eid=2-s2.0-85192727107&doi=10.1109%2FTPC.2024.3387179&partnerID=40&md5=4f13066462830a05c31d473fb2da4ca9","Article","Final","","Scopus","2-s2.0-85192727107"
"Uenoya Y.; Kang N.","Uenoya, Yuki (58771535300); Kang, Namgyu (35117662600)","58771535300; 35117662600","Evaluation of Websites of City and Medical Association Emergency Medical Institutions in Hokkaido","2024","Communications in Computer and Information Science","1957 CCIS","","","426","434","0","10.1007/978-3-031-49212-9_53","https://www.scopus.com/inward/record.uri?eid=2-s2.0-85180151152&doi=10.1007%2F978-3-031-49212-9_53&partnerID=40&md5=64d8e337da97d92a9ae1c1a483cfae28","Conference paper","Final","","Scopus","2-s2.0-85180151152"
"Pokhrel S.; Atambayeva V.; Kuhr B.","Pokhrel, Sanjita (59951779100); Atambayeva, Venera (59951648500); Kuhr, Bryan (57144688900)","59951779100; 59951648500; 57144688900","CareSync: Synchronizing Care Needs in Real-Time","2025","2025 IEEE Systems and Information Engineering Design Symposium, SIEDS 2025","","","","87","91","0","10.1109/SIEDS65500.2025.11021182","https://www.scopus.com/inward/record.uri?eid=2-s2.0-105008422943&doi=10.1109%2FSIEDS65500.2025.11021182&partnerID=40&md5=0f28ced0c451f33b69618dce32ce9a44","Conference paper","Final","","Scopus","2-s2.0-105008422943"
"Kraft M.; Rickert M.","Kraft, Martin (57201701574); Rickert, Markus (35300363800)","57201701574; 35300363800","How to teach your robot in 5 minutes: Applying UX paradigms to human-robot-interaction","2017","RO-MAN 2017 - 26th IEEE International Symposium on Robot and Human Interactive Communication","2017-January","","","942","949","9","10.1109/ROMAN.2017.8172416","https://www.scopus.com/inward/record.uri?eid=2-s2.0-85045846248&doi=10.1109%2FROMAN.2017.8172416&partnerID=40&md5=d1ee2a2d6338db2e4bfe292b804a1c68","Conference paper","Final","All Open Access; Green Open Access","Scopus","2-s2.0-85045846248"
"Morales G.R.; Gallegos A.P.; Torres-Carrión P.V.; Carrión S.C.","Morales, Germania Rodríguez (57199262448); Gallegos, Ana Poma (57721490800); Torres-Carrión, Pablo V. (56495447800); Carrión, Samanta Cueva (57202383730)","57199262448; 57721490800; 56495447800; 57202383730","Comparative Evaluation of the Overall User Experience of Two MOOC Platforms: Coursera and OpenCampus","2023","Smart Innovation, Systems and Technologies","328","","","179","190","3","10.1007/978-981-19-7689-6_16","https://www.scopus.com/inward/record.uri?eid=2-s2.0-85151060390&doi=10.1007%2F978-981-19-7689-6_16&partnerID=40&md5=685486461d13ba890c069ec8486507f6","Conference paper","Final","","Scopus","2-s2.0-85151060390"
"Portz J.D.; Bayliss E.A.; Bull S.; Boxer R.S.; Bekelman D.B.; Gleason K.; Czaja S.","Portz, Jennifer Dickman (56139716400); Bayliss, Elizabeth A. (6701724247); Bull, Sheana (55946834000); Boxer, Rebecca S. (11141000400); Bekelman, David B. (8872088900); Gleason, Kathy (57199225956); Czaja, Sara (7005547923)","56139716400; 6701724247; 55946834000; 11141000400; 8872088900; 57199225956; 7005547923","Using the technology acceptance model to explore user experience, intent to use, and use behavior of a patient portal among older adults with multiple chronic conditions: Descriptive qualitative study","2019","Journal of Medical Internet Research","21","4","e11604","","","244","10.2196/11604","https://www.scopus.com/inward/record.uri?eid=2-s2.0-85064516441&doi=10.2196%2F11604&partnerID=40&md5=b65fbd9af3a8851cc401eb88ea09808a","Article","Final","All Open Access; Gold Open Access; Green Open Access","Scopus","2-s2.0-85064516441"
"Ballı T.; Peker H.; Pişkin Ş.; Fatih Yetkin E.","Ballı, Tuğçe (24823826600); Peker, Hasan (55807377700); Pişkin, Şenol (8636421200); Fatih Yetkin, E. (35782637700)","24823826600; 55807377700; 8636421200; 35782637700","RESTORATIVE: Improving Accessibility to Cultural Heritage with AI-Assisted Virtual Reality","2025","Digital Presentation and Preservation of Cultural and Scientific Heritage","15","","","65","71","1","10.55630/dipp.2025.15.6","https://www.scopus.com/inward/record.uri?eid=2-s2.0-105018679331&doi=10.55630%2Fdipp.2025.15.6&partnerID=40&md5=d09fe4a4585386282db6f2b51b3f2ebf","Conference paper","Final","All Open Access; Gold Open Access","Scopus","2-s2.0-105018679331"
"Winckler M.; Larusdottir M.; Kuusinen K.; Bogdan C.; Palanque P.","Winckler, Marco (22735652100); Larusdottir, Marta (15832518700); Kuusinen, Kati (55429864300); Bogdan, Cristian (24474207600); Palanque, Philippe (6602748156)","22735652100; 15832518700; 55429864300; 24474207600; 6602748156","Dealing with conflicting user interface properties in user-centered development processes: IFIP WG 13.2 + 13.5 workshop at INTERACT 2017","2017","Lecture Notes in Computer Science (including subseries Lecture Notes in Artificial Intelligence and Lecture Notes in Bioinformatics)","10516 LNCS","","","521","523","3","","https://www.scopus.com/inward/record.uri?eid=2-s2.0-85030844685&partnerID=40&md5=c61147825ffe0c9974959801117d45cf","Conference paper","Final","","Scopus","2-s2.0-85030844685"
"Gabriele F.; Martins L.","Gabriele, Felipe (55803502500); Martins, Laura (55189443600)","55803502500; 55189443600","Automotive Interaction Design: A Systematic Literature Review","2022","Communications in Computer and Information Science","1583 CCIS","","","181","188","1","10.1007/978-3-031-06394-7_25","https://www.scopus.com/inward/record.uri?eid=2-s2.0-85133177731&doi=10.1007%2F978-3-031-06394-7_25&partnerID=40&md5=bd1537b12fbc5deda3f60cc51778b8ed","Conference paper","Final","","Scopus","2-s2.0-85133177731"
"","","","26th International Conference on Human-Computer Interaction, HCII 2024","2024","Communications in Computer and Information Science","2117 CCIS","","","","","0","","https://www.scopus.com/inward/record.uri?eid=2-s2.0-85196760263&partnerID=40&md5=cdd231d463fdc895db081d0cdd6cb07e","Conference review","Final","","Scopus","2-s2.0-85196760263"
"Cruz A.; Carvalho D.; Rocha T.; Martins P.","Cruz, Armando (55376888800); Carvalho, Diana (55479739500); Rocha, Tânia (53364126200); Martins, Paulo (24721665200)","55376888800; 55479739500; 53364126200; 24721665200","Towards an Accessibility Evaluation of eLearning Tools in Emerging 3D Virtual Environments Like Metaverse: Taking Advantage of Acquired Knowledge in Moodle and Second Life","2022","Communications in Computer and Information Science","1720 CCIS","","","131","144","3","10.1007/978-3-031-22918-3_10","https://www.scopus.com/inward/record.uri?eid=2-s2.0-85148011225&doi=10.1007%2F978-3-031-22918-3_10&partnerID=40&md5=309535a993d6391fea21a48f3224785e","Conference paper","Final","","Scopus","2-s2.0-85148011225"
"Quesenbery W.; Szuc D.","Quesenbery, Whitney (6602561829); Szuc, Daniel (55825266000)","6602561829; 55825266000","Global UX","2012","Global UX","","","","","","2","10.1016/C2009-0-30671-6","https://www.scopus.com/inward/record.uri?eid=2-s2.0-85013717846&doi=10.1016%2FC2009-0-30671-6&partnerID=40&md5=20881357d637838ede0a782e2cc38225","Book","Final","","Scopus","2-s2.0-85013717846"
"Foutoukidou S.; Anilkumar N.V.; Barbosa-Hughes R.; Lazaness E.","Foutoukidou, Sofia (59955938400); Anilkumar, Neha Vellanchery (59955068300); Barbosa-Hughes, Rubem (57212450861); Lazaness, Eden (59955938500)","59955938400; 59955068300; 57212450861; 59955938500","Research Directions: A Novel Approach for Driving Research Collaboration by Design","2025","Communications in Computer and Information Science","2524 CCIS","","","288","297","0","10.1007/978-3-031-94156-6_29","https://www.scopus.com/inward/record.uri?eid=2-s2.0-105008645158&doi=10.1007%2F978-3-031-94156-6_29&partnerID=40&md5=db6d590d39c0778c8060759e375de5bf","Conference paper","Final","","Scopus","2-s2.0-105008645158"
"Crabb M.; Jones R.; Armstrong M.","Crabb, Michael (56421925900); Jones, Rhianne (56160498000); Armstrong, Mike (57040522200)","56421925900; 56160498000; 57040522200","The development of a framework for understanding the UX of subtitles","2015","ASSETS 2015 - Proceedings of the 17th International ACM SIGACCESS Conference on Computers and Accessibility","","","","347","348","9","10.1145/2700648.2811372","https://www.scopus.com/inward/record.uri?eid=2-s2.0-84962665608&doi=10.1145%2F2700648.2811372&partnerID=40&md5=ced19eae3360d52359c66738c6e6bf82","Conference paper","Final","All Open Access; Green Open Access","Scopus","2-s2.0-84962665608"
"Li R.; Zhang Y.; Yang D.","Li, Ryan (58784075900); Zhang, Yanzhe (57223748554); Yang, Diyi (56145767700)","58784075900; 57223748554; 56145767700","Sketch2Code: Evaluating Vision-Language Models for Interactive Web Design Prototyping","2025","Proceedings of the 2025 Annual Conference of the Nations of the Americas Chapter of the Association for Computational Linguistics: Human Language Technologies: Long Papers, NAACL-HLT 2025","1","","","3921","3955","0","10.18653/v1/2025.naacl-long.198","https://www.scopus.com/inward/record.uri?eid=2-s2.0-105027453474&doi=10.18653%2Fv1%2F2025.naacl-long.198&partnerID=40&md5=45c3345e0b2ad455585d5220c163acdc","Conference paper","Final","All Open Access; Gold Open Access","Scopus","2-s2.0-105027453474"
"Stefanova-Stoyanova V.; Danov P.; Raynova K.","Stefanova-Stoyanova, Varbinka (57220160545); Danov, Petko (57215423552); Raynova, Kamelia (57195101382)","57220160545; 57215423552; 57195101382","Improving Human-Computer Interaction with Generative Adversarial Networks by Covering ISO 9241 Standards in Interaction Design","2024","National Conference with International Participation, TELECOM","","","","","","2","10.1109/TELECOM63374.2024.10812218","https://www.scopus.com/inward/record.uri?eid=2-s2.0-85215513216&doi=10.1109%2FTELECOM63374.2024.10812218&partnerID=40&md5=6b88e6c1d47001534baddd6e298c69f7","Conference paper","Final","","Scopus","2-s2.0-85215513216"
"","","","26th International Conference on Human-Computer Interaction, HCII 2024","2025","Lecture Notes in Computer Science (including subseries Lecture Notes in Artificial Intelligence and Lecture Notes in Bioinformatics) ","15377 LNCS","","","","","0","","https://www.scopus.com/inward/record.uri?eid=2-s2.0-85213295516&partnerID=40&md5=9dd2d23db3d92b3a484ef693bc39d8bb","Conference review","Final","","Scopus","2-s2.0-85213295516"
"Ahola M.; Zafar A.; Porras J.; Hyypiä M.","Ahola, Marja (57218576780); Zafar, Afnan (57202892544); Porras, Jari (7003573789); Hyypiä, Mirva (55670889700)","57218576780; 57202892544; 7003573789; 55670889700","International Employees’ Perceptions and UX Design Utilization in Online Learning Development","2022","Lecture Notes in Networks and Systems","319","","","82","90","0","10.1007/978-3-030-85540-6_11","https://www.scopus.com/inward/record.uri?eid=2-s2.0-85115623126&doi=10.1007%2F978-3-030-85540-6_11&partnerID=40&md5=fca57f4b8d035554b5763ba844f02b62","Conference paper","Final","","Scopus","2-s2.0-85115623126"
"Kim W.J.; Kim M.J.; Kim I.K.","Kim, Woo Jin (57189296426); Kim, Min Ji (57206001445); Kim, Il Kon (14919454400)","57189296426; 57206001445; 14919454400","UX design for the visually impaired to improve health information accessibility","2018","International Journal of Engineering and Technology(UAE)","7","4","","38","39","1","10.14419/ijet.v7i4.4.19605","https://www.scopus.com/inward/record.uri?eid=2-s2.0-85053465628&doi=10.14419%2Fijet.v7i4.4.19605&partnerID=40&md5=ba24500744e571cc777b3e6ba34d1736","Article","Final","All Open Access; Gold Open Access","Scopus","2-s2.0-85053465628"
"Dos S. Rosa J.R.; Valentim N.M.C.","Dos S. Rosa, João Ricardo (57221644926); Valentim, Natasha Malveira C. (56429611300)","57221644926; 56429611300","An Exploratory Study about Accessibility, Usability and User Experience with the Visually Impaired using Mobile Applications","2020","ACM International Conference Proceeding Series","","","3439998","","","0","10.1145/3439961.3439998","https://www.scopus.com/inward/record.uri?eid=2-s2.0-85102882807&doi=10.1145%2F3439961.3439998&partnerID=40&md5=3d5bd21f67b4b70e087c30706e592f9b","Conference paper","Final","","Scopus","2-s2.0-85102882807"
"Costa A.; Silva F.","Costa, Andre (58391343300); Silva, Firmino (56014653800)","58391343300; 56014653800","Interaction Design for AI Systems: An oriented state-of-the-art","2022","HORA 2022 - 4th International Congress on Human-Computer Interaction, Optimization and Robotic Applications, Proceedings","","","","","","7","10.1109/HORA55278.2022.9800084","https://www.scopus.com/inward/record.uri?eid=2-s2.0-85133977548&doi=10.1109%2FHORA55278.2022.9800084&partnerID=40&md5=7abf5a4f0a92904ed244ee36a792051b","Conference paper","Final","","Scopus","2-s2.0-85133977548"
"Namoun A.; Alrehaili A.; Nisa Z.U.; Almoamari H.; Tufail A.","Namoun, Abdallah (36624000100); Alrehaili, Ahmed (57204570858); Nisa, Zaib Un (59147945400); Almoamari, Hani (57223365171); Tufail, Ali (24767119700)","36624000100; 57204570858; 59147945400; 57223365171; 24767119700","Predicting the usability of mobile applications using AI tools: The rise of large user interface models, opportunities, and challenges","2024","Procedia Computer Science","238","","","671","682","11","10.1016/j.procs.2024.06.076","https://www.scopus.com/inward/record.uri?eid=2-s2.0-85199509034&doi=10.1016%2Fj.procs.2024.06.076&partnerID=40&md5=55cc99bd99da4a6500d7a2a151d2d6b4","Conference paper","Final","All Open Access; Gold Open Access","Scopus","2-s2.0-85199509034"
"Wang J.; Zhang L.; Kang D.; Pattit K.G.","Wang, Jieyu (57655201800); Zhang, Li (59682842000); Kang, Dingfang (59202556300); Pattit, Katherina G. (57211943915)","57655201800; 59682842000; 59202556300; 57211943915","Designing Conversational Agents for Student Wellbeing: An Exploratory Study of User Acceptance and Expectations","2024","International Journal of Advanced Computer Science and Applications","15","10","","43","52","0","10.14569/IJACSA.2024.0151006","https://www.scopus.com/inward/record.uri?eid=2-s2.0-86000673691&doi=10.14569%2FIJACSA.2024.0151006&partnerID=40&md5=cf813883cd9a5c7d75d6c384c554bb0a","Article","Final","All Open Access; Gold Open Access","Scopus","2-s2.0-86000673691"
"Fuentes-Cortazar A.E.; Rojano-Caceres J.R.","Fuentes-Cortazar, Andres Eduardo (57536712700); Rojano-Caceres, Jose Rafael (57223300499)","57536712700; 57223300499","Methods for Evaluating the User Experience of Applications for Deaf Users: A Mapping Review","2024","Proceedings - 2024 12th International Conference in Software Engineering Research and Innovation, CONISOFT 2024","","","","287","294","2","10.1109/CONISOFT63288.2024.00045","https://www.scopus.com/inward/record.uri?eid=2-s2.0-85216787900&doi=10.1109%2FCONISOFT63288.2024.00045&partnerID=40&md5=f5a193a645663f905a42d72e0ec2f04b","Conference paper","Final","","Scopus","2-s2.0-85216787900"
"Oliveira A.D.A.; Eler M.M.","Oliveira, Alberto Dumont Alves (57196122342); Eler, Marcelo Medeiros (36671155600)","57196122342; 36671155600","Analyzing Accessibility, Usability, and User Experience in Mobile Apps Through User Reviews: An Extended Systematic Literature Review","2025","Journal on Interactive Systems","16","1","","641","665","0","10.5753/jis.2025.5983","https://www.scopus.com/inward/record.uri?eid=2-s2.0-105014761954&doi=10.5753%2Fjis.2025.5983&partnerID=40&md5=bb689295e96a74b5380337cb60ce9a72","Article","Final","All Open Access; Gold Open Access; Green Open Access","Scopus","2-s2.0-105014761954"
"Akwukwuma V.V.N.; Chete F.O.; Okpako A.E.; Irabor F.E.","Akwukwuma, V.V.N. (26535580200); Chete, F.O. (59485915900); Okpako, A.E. (58307512600); Irabor, F.E. (59486944400)","26535580200; 59485915900; 58307512600; 59486944400","Improving User Interface Design and Efficiency Using Graphic Design and Animation Techniques","2024","NIPES - Journal of Science and Technology Research","6","3","","67","86","1","10.5281/zenodo.13765451","https://www.scopus.com/inward/record.uri?eid=2-s2.0-85213010484&doi=10.5281%2Fzenodo.13765451&partnerID=40&md5=44e28c5f3d5dac3fe3f7d51934563561","Article","Final","","Scopus","2-s2.0-85213010484"
"","","","6th International Conference on Learning and Collaboration Technologies, LCT 2019, held as part of the 21st International Conference on Human-Computer Interaction, HCI International 2019","2019","Lecture Notes in Computer Science (including subseries Lecture Notes in Artificial Intelligence and Lecture Notes in Bioinformatics)","11591 LNCS","","","","","0","","https://www.scopus.com/inward/record.uri?eid=2-s2.0-85069819485&partnerID=40&md5=52cea59281f94c6da7965cf530720297","Conference review","Final","","Scopus","2-s2.0-85069819485"
"De Luca V.; Gatto C.; Liaci S.; Corchia L.; Chiarello S.; Faggiano F.; Sumerano G.; De Paolis L.T.","De Luca, Valerio (39761312200); Gatto, Carola (57203019224); Liaci, Silvia (57286716600); Corchia, Laura (57967053100); Chiarello, Sofia (57274798500); Faggiano, Federica (57890024600); Sumerano, Giada (57274493200); De Paolis, Lucio Tommaso (8275782300)","39761312200; 57203019224; 57286716600; 57967053100; 57274798500; 57890024600; 57274493200; 8275782300","Virtual Reality and Spatial Augmented Reality for Social Inclusion: The “Includiamoci” Project","2023","Information (Switzerland)","14","1","38","","","43","10.3390/info14010038","https://www.scopus.com/inward/record.uri?eid=2-s2.0-85146797271&doi=10.3390%2Finfo14010038&partnerID=40&md5=6d037c6463d30cea7db160671442a2fd","Article","Final","All Open Access; Gold Open Access; Green Open Access","Scopus","2-s2.0-85146797271"
"Kim H.K.; Lim E.; Kim C.; Kim H.","Kim, Hyun K. (59865972800); Lim, Eunyoung (57191502018); Kim, Changwon (57191504141); Kim, Hyunjin (57203269867)","59865972800; 57191502018; 57191504141; 57203269867","How to develop accessibility UX design guideline in Samsung","2016","Proceedings of the 18th International Conference on Human-Computer Interaction with Mobile Devices and Services Adjunct, MobileHCI 2016","","","","551","556","6","10.1145/2957265.2957271","https://www.scopus.com/inward/record.uri?eid=2-s2.0-84991045145&doi=10.1145%2F2957265.2957271&partnerID=40&md5=3050d11e3809fff8109868707c4d5d5b","Conference paper","Final","","Scopus","2-s2.0-84991045145"
"Liljeström L.; Bern C.; Ferati M.","Liljeström, Linda (58923478800); Bern, Charlotte (58922825500); Ferati, Mexhid (27667515400)","58923478800; 58922825500; 27667515400","Voicing barriers: accessibility for visually impaired voiceover users on audio chat platforms","2025","Universal Access in the Information Society","24","4","","3067","3083","2","10.1007/s10209-024-01096-0","https://www.scopus.com/inward/record.uri?eid=2-s2.0-85186939948&doi=10.1007%2Fs10209-024-01096-0&partnerID=40&md5=e46a952408702a91f6a40d28b0ff0d18","Article","Final","All Open Access; Green Open Access; Hybrid Gold Open Access","Scopus","2-s2.0-85186939948"
"Sood R.; Desai V.; Mohandas A.","Sood, Rishika (60347442300); Desai, Vishwa (60347668700); Mohandas, Amitha (60347495900)","60347442300; 60347668700; 60347495900","Navibus-Enhancing the Accessibility of Bus Rapid Transit System for Visually Impaired Through Multimodal Interactions","2026","Communications in Computer and Information Science","2772 CCIS","","","44","51","0","10.1007/978-3-032-12767-9_5","https://www.scopus.com/inward/record.uri?eid=2-s2.0-105028360141&doi=10.1007%2F978-3-032-12767-9_5&partnerID=40&md5=63beb59b0d7e9be82a3a0694058d2c72","Conference paper","Final","","Scopus","2-s2.0-105028360141"
"Hwang S.; Kim H.; Yi E.-S.","Hwang, Suyoung (58919019300); Kim, Hyunmoon (60092990700); Yi, Eun-Surk (56672521100)","58919019300; 60092990700; 56672521100","Healthy Movement Leads to Emotional Connection: Development of the Movement Poomasi “Wello!” Application Based on Digital Psychosocial Touch—A Mixed-Methods Study","2025","Healthcare (Switzerland)","13","17","2157","","","1","10.3390/healthcare13172157","https://www.scopus.com/inward/record.uri?eid=2-s2.0-105015556440&doi=10.3390%2Fhealthcare13172157&partnerID=40&md5=efcde78bbf565b58a803f53d02e9c444","Article","Final","All Open Access; Gold Open Access; Green Open Access","Scopus","2-s2.0-105015556440"
"Jain M.; Pande A.; Sanghavi R.; Kumar T.","Jain, Mansee (56765141800); Pande, Ashi (59367887000); Sanghavi, Ria (58093052700); Kumar, Tarun (57194033774)","56765141800; 59367887000; 58093052700; 57194033774","Innovation in Retail Accessibility: Smart Carts as Catalysts for Change in Supermarkets","2024","Lecture Notes in Networks and Systems","1081 LNNS","","","551","560","0","10.1007/978-3-031-67437-2_52","https://www.scopus.com/inward/record.uri?eid=2-s2.0-85206439369&doi=10.1007%2F978-3-031-67437-2_52&partnerID=40&md5=d77c2d66e3affb2c08a0c3a323de1ba5","Conference paper","Final","","Scopus","2-s2.0-85206439369"
"","","","26th International Conference on Human-Computer Interaction, HCII 2024","2025","Communications in Computer and Information Science","2319 CCIS","","","","","0","","https://www.scopus.com/inward/record.uri?eid=2-s2.0-85215265710&partnerID=40&md5=03dca842f04c992a89d89c5cf5f5ee23","Conference review","Final","","Scopus","2-s2.0-85215265710"
"Thomas M.","Thomas, Maigen (59703040400)","59703040400","Practical UX: A hands-on guide to getting industry-recognized experience","2025","Practical UX: A Hands-on Guide to Getting Industry-Recognized Experience","","","","1","202","0","","https://www.scopus.com/inward/record.uri?eid=2-s2.0-105000759662&partnerID=40&md5=6206e075bdc66d9410f6e9f2b9e6c9c5","Book","Final","","Scopus","2-s2.0-105000759662"
"Raghavendra K.; Samyam N.; Golla S.; Athreya V.; Pujari N.V.","Raghavendra, Keerthi (59234792300); Samyam, N. (59234792400); Golla, Srujana (59234980900); Athreya, Vishnu (59235164500); Pujari, Nitin V (55385570300)","59234792300; 59234792400; 59234980900; 59235164500; 55385570300","Adaptive UI/UX for Smart Geriatric Users","2024","2024 4th International Conference on Computer, Control and Robotics, ICCCR 2024","","","","403","410","3","10.1109/ICCCR61138.2024.10585592","https://www.scopus.com/inward/record.uri?eid=2-s2.0-85199663641&doi=10.1109%2FICCCR61138.2024.10585592&partnerID=40&md5=50957f6c6c202c29729e5bc8e8019b52","Conference paper","Final","","Scopus","2-s2.0-85199663641"
"Peixoto S.; Martins N.; Miranda D.; Matos D.; Carvalho V.","Peixoto, Sara (58762340200); Martins, Nuno (57220514166); Miranda, Daniel (56336441200); Matos, Demétrio (55348411400); Carvalho, Vítor (7005633216)","58762340200; 57220514166; 56336441200; 55348411400; 7005633216","The Design Process in the Development of an Online Platform for Personalizing Wearable Prostheses: A Preliminary Approach","2025","Designs","9","2","39","","","0","10.3390/designs9020039","https://www.scopus.com/inward/record.uri?eid=2-s2.0-105003472195&doi=10.3390%2Fdesigns9020039&partnerID=40&md5=3ff539bfc99cd514da0f41be05362308","Article","Final","All Open Access; Gold Open Access; Green Open Access","Scopus","2-s2.0-105003472195"
"Todorov T.; Dochkova-Todorova J.","Todorov, Todor (24382075200); Dochkova-Todorova, Juliana (6505887482)","24382075200; 6505887482","Accessible UX/UI Design","2023","International Conference Automatics and Informatics, ICAI 2023 - Proceedings","","","","362","366","10","10.1109/ICAI58806.2023.10339066","https://www.scopus.com/inward/record.uri?eid=2-s2.0-85181775231&doi=10.1109%2FICAI58806.2023.10339066&partnerID=40&md5=a9a16d090934d4393c08a85793bfcfd3","Conference paper","Final","","Scopus","2-s2.0-85181775231"
"Grandi F.; Peruzzini M.; Cavallaro S.; Prati E.; Pellicciari M.","Grandi, Fabio (57195805210); Peruzzini, Margherita (34971929300); Cavallaro, Sara (57219488979); Prati, Elisa (57219292991); Pellicciari, Marcello (26428392600)","57195805210; 34971929300; 57219488979; 57219292991; 26428392600","Creation of a UX index to design human tasks and workstations","2022","International Journal of Computer Integrated Manufacturing","35","1","","4","20","18","10.1080/0951192X.2021.1972470","https://www.scopus.com/inward/record.uri?eid=2-s2.0-85113949633&doi=10.1080%2F0951192X.2021.1972470&partnerID=40&md5=8533acf203a41f31b7a69ae18dd3fe53","Article","Final","All Open Access; Green Open Access","Scopus","2-s2.0-85113949633"
"Hammad M.; Baker Q.B.; Al-Smadi M.; Alrashdan W.","Hammad, Mahmoud (57213519446); Baker, Qanita Bani (57040978600); Al-Smadi, Mohammed (58256498500); Alrashdan, Wesam (57200380702)","57213519446; 57040978600; 58256498500; 57200380702","Towards enhancing the user experience of ChIP-Seq data analysis web tools","2022","International Journal of Electrical and Computer Engineering","12","5","","5236","5247","2","10.11591/ijece.v12i5.pp5236-5247","https://www.scopus.com/inward/record.uri?eid=2-s2.0-85135264576&doi=10.11591%2Fijece.v12i5.pp5236-5247&partnerID=40&md5=af852813df01571cd511b4bfbea1eebe","Article","Final","All Open Access; Gold Open Access; Green Open Access","Scopus","2-s2.0-85135264576"
"Lin Z.; Sommer B.; Ahmed-Kristensen S.","Lin, Zidong (57223084486); Sommer, Bjorn (36462920300); Ahmed-Kristensen, Saeema (57219149228)","57223084486; 36462920300; 57219149228","IoT Product Pleasurability - Investigating the Pleasurable User Experiences Between Conventional Products and IoT Products Through Watches","2021","Lecture Notes of the Institute for Computer Sciences, Social-Informatics and Telecommunications Engineering, LNICST","367 LNICST","","","394","408","6","10.1007/978-3-030-73426-8_24","https://www.scopus.com/inward/record.uri?eid=2-s2.0-85104814196&doi=10.1007%2F978-3-030-73426-8_24&partnerID=40&md5=555d9c5ad048c20da8575936dd5faa2f","Conference paper","Final","","Scopus","2-s2.0-85104814196"
"Do Nascimento L.G.G.; Correia W.F.M.; Campos F.; van Gisbergen M.S.; Barros M.L.N.; Lins A.; Teixeira J.M.X.N.","Do Nascimento, Luiz Gustavo Guilherme (60140420800); Correia, Walter Franklin Marques (55189755200); Campos, Fabio (55190176400); van Gisbergen, Marnix S. (57194885005); Barros, Marina de Lima Neves (55189754600); Lins, Anthony (26538841000); Teixeira, João Marcelo X. N. (20035706400)","60140420800; 55189755200; 55190176400; 57194885005; 55189754600; 26538841000; 20035706400","Augmented Reality for Cognitive Screening in Neurodegenerative Diseases: A Ten-Year Systematic Review","2025","Journal of the Brazilian Computer Society","31","1","","743","761","0","10.5753/jbcs.2025.5761","https://www.scopus.com/inward/record.uri?eid=2-s2.0-105018745035&doi=10.5753%2Fjbcs.2025.5761&partnerID=40&md5=294e044e338e4dbf3fcbd3546f64b2dd","Article","Final","All Open Access; Gold Open Access; Green Open Access","Scopus","2-s2.0-105018745035"
"Choi J.W.; Park J.J.; Kim E.; Jun H.J.","Choi, Jin Woo (59290180700); Park, Jong Jin (57222731035); Kim, Eonyong (56712176900); Jun, Han Jong (56165483800)","59290180700; 57222731035; 56712176900; 56165483800","User Experience-Centered Web-Based Virtual Exhibition to Enhance Accessibility to Local Historical and Cultural Assets-Focused on the Case of Ganghwa Island's Outpost(Dondae)","2024","Journal of the Architectural Institute of Korea","40","4","","141","150","0","10.5659/JAIK.2024.40.4.141","https://www.scopus.com/inward/record.uri?eid=2-s2.0-85200991246&doi=10.5659%2FJAIK.2024.40.4.141&partnerID=40&md5=178a627c2585f2d294beb8772a4e9677","Article","Final","","Scopus","2-s2.0-85200991246"
"Lima S.; Catapan M.F.; Zeredo J.S.","Lima, Sofia (59370237500); Catapan, Márcio Fontana (57191746568); Zeredo, Jun Sasaki (59370154800)","59370237500; 57191746568; 59370154800","Construction of Interfaces in Virtual Reality: a systematic review focusing on Ergonomics and User Experience","2024","ACM International Conference Proceeding Series","","","","257","260","1","10.1145/3691573.3691607","https://www.scopus.com/inward/record.uri?eid=2-s2.0-85206592644&doi=10.1145%2F3691573.3691607&partnerID=40&md5=9d3d13616dff08431c7e68147574de97","Conference paper","Final","","Scopus","2-s2.0-85206592644"
"Trindade Y.; Rebelo F.; Noriega P.","Trindade, Yanick (57194794197); Rebelo, Francisco (23398361300); Noriega, Paulo (43461887200)","57194794197; 23398361300; 43461887200","Dissemination of São Tomé and Príncipe Culture Through Virtual Reality: Comparative UX Study Between Potential Tourists from Portugal and Santomean Inhabitants","2022","Lecture Notes in Computer Science (including subseries Lecture Notes in Artificial Intelligence and Lecture Notes in Bioinformatics)","13322 LNCS","","","466","476","3","10.1007/978-3-031-05900-1_33","https://www.scopus.com/inward/record.uri?eid=2-s2.0-85132986830&doi=10.1007%2F978-3-031-05900-1_33&partnerID=40&md5=89a53f1edc63a53c9fe5b9d28fba233e","Conference paper","Final","","Scopus","2-s2.0-85132986830"
"Fuentes-Cortázar A.E.; Rojano-Cáceres J.R.","Fuentes-Cortázar, Andrés Eduardo (57536712700); Rojano-Cáceres, José Rafael (57223300499)","57536712700; 57223300499","Critical Analysis of User Experience Evaluation Methods Focused on Deaf Users: A Systematic Literature Review","2025","Programming and Computer Software","51","8","","689","705","0","10.1134/S0361768825700501","https://www.scopus.com/inward/record.uri?eid=2-s2.0-105031602057&doi=10.1134%2FS0361768825700501&partnerID=40&md5=1317d5cd36d1fefda0cc0cec7adbb94e","Article","Final","","Scopus","2-s2.0-105031602057"
"Rafi M.; Puspitodjati S.; Apriani N.F.; Hakim S.A.; Siagian A.H.A.M.; Riyanto S.; Rodiah R.; Kushadiani S.K.","Rafi, Muhammad (57221329891); Puspitodjati, Sulistyo (56460345000); Apriani, Niken Fitria (57215532751); Hakim, Shidiq Al (57201134787); Siagian, Al Hafiz Akbar Maulana (57196116098); Riyanto, Slamet (56986274000); Rodiah, Rodiah (56784387700); Kushadiani, Siti Kania (57261462900)","57221329891; 56460345000; 57215532751; 57201134787; 57196116098; 56986274000; 56784387700; 57261462900","Ihoya: knowledge management system based on community using User-Centered Design (UCD) method","2025","International Journal of Information Technology (Singapore)","17","4","111804","2067","2074","3","10.1007/s41870-024-02344-5","https://www.scopus.com/inward/record.uri?eid=2-s2.0-85211901572&doi=10.1007%2Fs41870-024-02344-5&partnerID=40&md5=1112d8ca0cc07ca266dc7ec4663a67ef","Article","Final","","Scopus","2-s2.0-85211901572"
"Kim W.J.; Kim J.; Kim I.K.; Kim M.","Kim, Woo Jin (57189296426); Kim, Jongoh (57189299422); Kim, Il Kon (14919454400); Kim, Minji (57206001445)","57189296426; 57189299422; 14919454400; 57206001445","UX design guideline for health mobile application to improve accessibility for the visually impaired: Focusing on disease retinitis pigmentosa","2018","Mobile Applications and Solutions for Social Inclusion","","","","288","309","4","10.4018/978-1-5225-5270-3.ch012","https://www.scopus.com/inward/record.uri?eid=2-s2.0-85049762010&doi=10.4018%2F978-1-5225-5270-3.ch012&partnerID=40&md5=ab87266624b415b2367cf3c35c2ed8c1","Book chapter","Final","","Scopus","2-s2.0-85049762010"
"Liu R.; Yu H.","Liu, Ruitong (60343975500); Yu, Hang (60344520300)","60343975500; 60344520300","Standardizing the User Experience in Urban Geoportals: An Integrated Model for Urban Experience","2026","Journal of Urban Planning and Development","152","2","04026004","","","0","10.1061/JUPDDM.UPENG-5323","https://www.scopus.com/inward/record.uri?eid=2-s2.0-105028168788&doi=10.1061%2FJUPDDM.UPENG-5323&partnerID=40&md5=4c25550e7cfb3b578d3cd621daee560a","Article","Final","All Open Access; Hybrid Gold Open Access","Scopus","2-s2.0-105028168788"
"Coyle K.J.; Ross D.G.","Coyle, Kaitlin J. (60450179900); Ross, Derek G. (36714301000)","60450179900; 36714301000","Surveys as UXR: Using Design Thinking to Shape a Survey-Based UX Assessment for Rural Audiences","2026","IEEE Transactions on Professional Communication","","","","","","0","10.1109/TPC.2026.3658115","https://www.scopus.com/inward/record.uri?eid=2-s2.0-105032236170&doi=10.1109%2FTPC.2026.3658115&partnerID=40&md5=c002b2bf6e419432a2db71f33c5edd02","Article","Article in press","","Scopus","2-s2.0-105032236170"
"Gutierrez Padilla J.D.N.; Alvarez Robles T.D.J.; Alvarez Rodriguez F.J.","Gutierrez Padilla, Jose Dennis Nikembe (57215112702); Alvarez Robles, Teresita De Jesus (57211311797); Alvarez Rodriguez, Francisco Javier (57212138453)","57215112702; 57211311797; 57212138453","Interactive Software System Focused on Basic Math Learning for the Visually Impaired","2019","Proceedings - 2019 International Conference on Inclusive Technologies and Education, CONTIE 2019","","","8971431","72","78","2","10.1109/CONTIE49246.2019.00023","https://www.scopus.com/inward/record.uri?eid=2-s2.0-85079280105&doi=10.1109%2FCONTIE49246.2019.00023&partnerID=40&md5=fd0ebbdf1420ac09e3ab08708687137e","Conference paper","Final","","Scopus","2-s2.0-85079280105"
"Satterfield D.; Wilson R.; Houdek A.","Satterfield, Debra (41662045300); Wilson, Ryan (60418708800); Houdek, Azalea (60428672400)","41662045300; 60418708800; 60428672400","Industry & Academia Collaboration in UX Education: Bringing UX Internship Experience into the Classroom","2023","Applied Human Factors and Ergonomics International","108","","","367","374","0","10.54941/ahfe1003139","https://www.scopus.com/inward/record.uri?eid=2-s2.0-105031491942&doi=10.54941%2Fahfe1003139&partnerID=40&md5=bf8ddc0e5a835c55b6c8426a5a3812e3","Book chapter","Final","","Scopus","2-s2.0-105031491942"
"Urrutia J.I.G.; Brangier E.; Cessat L.","Urrutia, Josefina Isabel Gil (57194799551); Brangier, Eric (6506731484); Cessat, Laurent (57194798420)","57194799551; 6506731484; 57194798420","Is a holistic criteria-based approach possible in user experience?: Study of the classification of 58 criteria linked to UX","2017","Lecture Notes in Computer Science (including subseries Lecture Notes in Artificial Intelligence and Lecture Notes in Bioinformatics)","10288 LNCS","","","395","409","10","10.1007/978-3-319-58634-2_29","https://www.scopus.com/inward/record.uri?eid=2-s2.0-85025117854&doi=10.1007%2F978-3-319-58634-2_29&partnerID=40&md5=6e53c2becbb4e56abd9b85f122934ead","Conference paper","Final","","Scopus","2-s2.0-85025117854"
"Robertson S.L.; Levy L.; Lambeth A.; Karlsberg J.P.","Robertson, Scott L. (55628531252); Levy, Laura (15070820600); Lambeth, Amelia (56965034400); Karlsberg, Jesse P. (57204058815)","55628531252; 15070820600; 56965034400; 57204058815","The Digital Drawer: A Crowd-Sourced, Curated, Digital Archive Preserving History and Memory","2019","Lecture Notes in Computer Science (including subseries Lecture Notes in Artificial Intelligence and Lecture Notes in Bioinformatics)","11592 LNCS","","","70","83","0","10.1007/978-3-030-22012-9_6","https://www.scopus.com/inward/record.uri?eid=2-s2.0-85069874621&doi=10.1007%2F978-3-030-22012-9_6&partnerID=40&md5=f8fa82278c3f80a6fc1694bb0396caa8","Conference paper","Final","","Scopus","2-s2.0-85069874621"
"Akanda M.T.; Kang M.","Akanda, Muhammad Tanvir (60418421300); Kang, Min (60419054400)","60418421300; 60419054400","Empowering Older Adults With AI Agent-Driven Medication Management: Enhancing Adherence, Independence, and Health Outcomes","2025","Applied Human Factors and Ergonomics International","183","","","133","143","0","10.54941/ahfe1006434","https://www.scopus.com/inward/record.uri?eid=2-s2.0-105031274231&doi=10.54941%2Fahfe1006434&partnerID=40&md5=2a3fa25e05b0f9dfc7e0d5c0be5ead4c","Book chapter","Final","","Scopus","2-s2.0-105031274231"
"Karyono K.; Andoko A.; Ellianto","Karyono, Kanisius (55193087000); Andoko, Andrey (57209969031); Ellianto (57209980599)","55193087000; 57209969031; 57209980599","Accessibility, UX metrics and Gamification approach in embedded system","2019","International Journal of Innovative Technology and Exploring Engineering","8","6 C2","","210","214","1","","https://www.scopus.com/inward/record.uri?eid=2-s2.0-85069226866&partnerID=40&md5=f756985ea16cd4e6ca81795623631287","Article","Final","","Scopus","2-s2.0-85069226866"
"Liu M.; Vigh E.; Roudaut A.","Liu, Muyuan (60023514300); Vigh, Eszter (57473088400); Roudaut, Anne (12445160900)","60023514300; 57473088400; 12445160900","Deceptive Pattern Analysis in Education Technology: Examining Manipulative and Ethical Design Practices in EdTech Platforms","2025","DIS 2025 - Companion Proceedings of the 2025 ACM Designing Interactive Systems Conference: Designing for a Sustainable Ocean","","","","427","432","0","10.1145/3715668.3736370","https://www.scopus.com/inward/record.uri?eid=2-s2.0-105012189093&doi=10.1145%2F3715668.3736370&partnerID=40&md5=0a9b977e788ebdc3f577230efe8f59da","Conference paper","Final","All Open Access; Gold Open Access","Scopus","2-s2.0-105012189093"
"Park H.-D.","Park, Hee-Dong (55713490300)","55713490300","IT accessibility enhancement in smart home network systems","2015","Information (Japan)","18","5","","1695","1700","1","","https://www.scopus.com/inward/record.uri?eid=2-s2.0-85000866179&partnerID=40&md5=26f1ccf9d3755bb6079522905c807fe6","Article","Final","","Scopus","2-s2.0-85000866179"
"De Godoi T.X.; Garcia L.S.; Valentim N.M.C.","De Godoi, Tatiany Xavier (57203131204); Garcia, Laura Sanchez (24824601400); Valentim, Natasha Malveira Costa (56429611300)","57203131204; 24824601400; 56429611300","Evaluating a usability, user experience and accessibility checklist for assistive technologies for deaf people in a context of mobile applications","2020","IHC 2020 - Proceedings of the 19th Brazilian Symposium on Human Factors in Computing Systems","","","","","","8","10.1145/3424953.3426631","https://www.scopus.com/inward/record.uri?eid=2-s2.0-85099688774&doi=10.1145%2F3424953.3426631&partnerID=40&md5=cd1611523de93795b8ad6b73aad38978","Conference paper","Final","","Scopus","2-s2.0-85099688774"
"Xu J.; Pan Y.","Xu, Jiayi (58973666700); Pan, Younghwan (35520173400)","58973666700; 35520173400","The Future Museum: Integrating Augmented Reality (AR) and Virtual-text with AI-enhanced Information Systems","2024","Journal of Wireless Mobile Networks, Ubiquitous Computing, and Dependable Applications","15","3","","373","394","12","10.58346/JOWUA.2024.I3.025","https://www.scopus.com/inward/record.uri?eid=2-s2.0-85207440319&doi=10.58346%2FJOWUA.2024.I3.025&partnerID=40&md5=1d374b59e7647a5cc8d70356df7709d8","Article","Final","All Open Access; Bronze Open Access","Scopus","2-s2.0-85207440319"
"Dirin A.; Laine T.H.; Alamäki A.","Dirin, Amir (56203740600); Laine, Teemu. H. (11438860800); Alamäki, Ari (56204872000)","56203740600; 11438860800; 56204872000","Managing emotional requirements in a context-aware mobile application for tourists","2018","International Journal of Interactive Mobile Technologies","12","2","","177","196","21","10.3991/ijim.v12i2.7933","https://www.scopus.com/inward/record.uri?eid=2-s2.0-85058884413&doi=10.3991%2Fijim.v12i2.7933&partnerID=40&md5=091480ec1f26469efff5120b846cd773","Article","Final","All Open Access; Gold Open Access; Green Open Access","Scopus","2-s2.0-85058884413"
"Lamani A.; Gude R.; Colaco M.; Karpe P.; Simu S.","Lamani, Akash (58886626000); Gude, Rashee (58886753600); Colaco, Mathilda (57222009509); Karpe, Preksha (58886885100); Simu, Shreyas (57192394433)","58886626000; 58886753600; 57222009509; 58886885100; 57192394433","Disability-friendly Website Design with Recommendation System","2023","Proceedings of NKCon 2023 - 2nd IEEE North Karnataka Subsection Flagship International Conference","","","","","","0","10.1109/NKCon59507.2023.10396590","https://www.scopus.com/inward/record.uri?eid=2-s2.0-85185006020&doi=10.1109%2FNKCon59507.2023.10396590&partnerID=40&md5=5d5c23c6e0534230cd67f9118e1ba9cb","Conference paper","Final","","Scopus","2-s2.0-85185006020"
"Karakus A.","Karakus, Aysegül (60429195900)","60429195900","Exploring the Ethical Dimensions of Accessible UX Design: Balancing Stakeholder Interests and User Intentions","2023","Applied Human Factors and Ergonomics International","114","","","403","409","0","10.54941/ahfe1004258","https://www.scopus.com/inward/record.uri?eid=2-s2.0-105031500949&doi=10.54941%2Fahfe1004258&partnerID=40&md5=63fc5eb94fbf2f1c45bd333ca78b724f","Book chapter","Final","","Scopus","2-s2.0-105031500949"
"","","","26th International Conference on Human-Computer Interaction, HCII 2024","2025","Lecture Notes in Computer Science (including subseries Lecture Notes in Artificial Intelligence and Lecture Notes in Bioinformatics) ","15375 LNCS","","","","","0","","https://www.scopus.com/inward/record.uri?eid=2-s2.0-85213306862&partnerID=40&md5=c68ab0330a205c53850b03a9a10e72f3","Conference review","Final","","Scopus","2-s2.0-85213306862"
"Silva I.N.D.; García-Zubía J.; Hernández-Jayo U.; Alves J.B.D.M.; Dandolini G.A.","Silva, Isabela Nardi da (56134435000); García-Zubía, Javier (14833837400); Hernández-Jayo, Unai (25228434400); Alves, João Bosco da Mota (55322825400); Dandolini, Gertrudes Aparecida (6508097102)","56134435000; 14833837400; 25228434400; 55322825400; 6508097102","Design, Implementation and Evaluation of Deusto XRL, a Reference Architecture for Extended Remote Laboratories (XRLs)","2023","Electronics (Switzerland)","12","23","4812","","","4","10.3390/electronics12234812","https://www.scopus.com/inward/record.uri?eid=2-s2.0-85179361253&doi=10.3390%2Felectronics12234812&partnerID=40&md5=7cb3fc111f268cff9d481d99baf0e801","Article","Final","All Open Access; Gold Open Access","Scopus","2-s2.0-85179361253"
"Jeong W.-J.; Oh G.-S.; Oh S.-H.; Whangbo T.-K.","Jeong, Won-Jun (57215292851); Oh, Gi-Sung (57215319940); Oh, Seok-Hee (57195383057); Whangbo, Taeg-Keun (35617849900)","57215292851; 57215319940; 57195383057; 35617849900","Establishment of Production Standards for Web-based Metaverse Content: Focusing on Accessibility and HCI","2022","Journal of Web Engineering","21","8","","2231","2256","9","10.13052/jwe1540-9589.2181","https://www.scopus.com/inward/record.uri?eid=2-s2.0-85163456911&doi=10.13052%2Fjwe1540-9589.2181&partnerID=40&md5=87859f5309277f2d291c3901f0c32c66","Article","Final","All Open Access; Gold Open Access","Scopus","2-s2.0-85163456911"
"Navarrete R.; Peñafiel M.; Tenemaza M.; Luján-Mora S.","Navarrete, Rosa (56209050900); Peñafiel, Myriam (56209225300); Tenemaza, Maritzol (57188853230); Luján-Mora, Sergio (6603381780)","56209050900; 56209225300; 57188853230; 6603381780","Towards an accessible ux for people with disabilities in open educational resources websites","2020","Advances in Intelligent Systems and Computing","972","","","58","70","4","10.1007/978-3-030-19135-1_7","https://www.scopus.com/inward/record.uri?eid=2-s2.0-85068222607&doi=10.1007%2F978-3-030-19135-1_7&partnerID=40&md5=942d5a38dde0f42519708a33cd1de3a4","Conference paper","Final","","Scopus","2-s2.0-85068222607"
"Alsebayel G.","Alsebayel, Ghada (57703889700)","57703889700","Intimate Interfaces: Reimagining User Experiences with FemTech mHealth Apps","2025","MobileHCI 2025 - Adjunct Proceedings of the 2025 Conference on Mobile Human-Computer Interaction","","","37","","","0","10.1145/3737821.3749451","https://www.scopus.com/inward/record.uri?eid=2-s2.0-105031881205&doi=10.1145%2F3737821.3749451&partnerID=40&md5=88898458edfe1c67ed33db9d8e55bfeb","Conference paper","Final","","Scopus","2-s2.0-105031881205"
"Lee-Remond S.; Rasandratana D.; Kirilov I.G.","Lee-Remond, Sora (58791700100); Rasandratana, David (58791473300); Kirilov, Iglika Gueorguieva (58791113700)","58791700100; 58791473300; 58791113700","Reconciling UNESCO Site Accessibility and Sustainable Tourism Development by Co-Creation with Multiple Stakeholders","2024","Archives of Design Research","37","5","","7","27","0","10.15187/adr.2024.11.37.5.7","https://www.scopus.com/inward/record.uri?eid=2-s2.0-85211462753&doi=10.15187%2Fadr.2024.11.37.5.7&partnerID=40&md5=8c723a952e39629229e585e6724c7630","Article","Final","All Open Access; Gold Open Access","Scopus","2-s2.0-85211462753"
"","","","26th International Conference on Human-Computer Interaction, HCII 2024","2024","Lecture Notes in Computer Science (including subseries Lecture Notes in Artificial Intelligence and Lecture Notes in Bioinformatics) ","15382 LNCS","","","","","0","","https://www.scopus.com/inward/record.uri?eid=2-s2.0-85215665723&partnerID=40&md5=1331b1fb21bfab44f5b925213400abd9","Conference review","Final","","Scopus","2-s2.0-85215665723"
"Hosono N.; Inoue H.; Nakanishi M.; Tomita Y.","Hosono, Naotsune (23396464700); Inoue, Hiromitsu (15820656900); Nakanishi, Miwa (35102932900); Tomita, Yutaka (7401773011)","23396464700; 15820656900; 35102932900; 7401773011","Sensory evaluation method with multivariate analysis for pictograms on smartphone","2016","Lecture Notes in Computer Science (including subseries Lecture Notes in Artificial Intelligence and Lecture Notes in Bioinformatics)","9735","","","521","530","0","10.1007/978-3-319-40397-7_50","https://www.scopus.com/inward/record.uri?eid=2-s2.0-84978795809&doi=10.1007%2F978-3-319-40397-7_50&partnerID=40&md5=96fc7a1be0720a3e1f820bd365b824aa","Conference paper","Final","","Scopus","2-s2.0-84978795809"
"Kim T.","Kim, Taesun (59782790700)","59782790700","Perceived difficulties in using blenders by user groups and product features","2017","Archives of Design Research","30","4","","37","55","1","10.15187/adr.2017.11.30.4.37","https://www.scopus.com/inward/record.uri?eid=2-s2.0-85038403853&doi=10.15187%2Fadr.2017.11.30.4.37&partnerID=40&md5=19febd3fa7c5c47bd05949223d222a83","Article","Final","","Scopus","2-s2.0-85038403853"
"Sellung R.; Kiss L.","Sellung, Rachelle (56453313000); Kiss, Lennart (59316268800)","56453313000; 59316268800","User and design research of digital government","2024","From Electronic to Mobile Government","","","","9","21","1","10.1007/978-3-031-64471-9_2","https://www.scopus.com/inward/record.uri?eid=2-s2.0-105002938048&doi=10.1007%2F978-3-031-64471-9_2&partnerID=40&md5=631a1478050b51655cefa65221d0e6b4","Book chapter","Final","All Open Access; Gold Open Access","Scopus","2-s2.0-105002938048"
"Lee D.; Hwang H.; Shahid Jabbar M.; Cho J.-D.","Lee, Dongmyeong (57211757744); Hwang, Hyegyeong (57236040500); Shahid Jabbar, Muhammad (57207948123); Cho, Jun-Dong (7403536339)","57211757744; 57236040500; 57207948123; 7403536339","Language of gleam: Impressionism artwork automatic caption generation for people with visual impairments","2020","Proceedings of SPIE - The International Society for Optical Engineering","11605","","1160512","","","2","10.1117/12.2588331","https://www.scopus.com/inward/record.uri?eid=2-s2.0-85113816100&doi=10.1117%2F12.2588331&partnerID=40&md5=dce232f750fdc284143df45adc7d7ceb","Conference paper","Final","","Scopus","2-s2.0-85113816100"
"Indukuri T.; Jeong H.","Indukuri, Tejaswini (60394603000); Jeong, Heejin (60397215500)","60394603000; 60397215500","Toward Empathetic mHealth Design for Pediatric Scoliosis: A User-Centered Inquiry","2025","Applied Human Factors and Ergonomics International","199","","","1688","1698","0","10.54941/ahfe1006980","https://www.scopus.com/inward/record.uri?eid=2-s2.0-105030139756&doi=10.54941%2Fahfe1006980&partnerID=40&md5=3687fc2706439de788bac1f0d3d3503b","Book chapter","Final","","Scopus","2-s2.0-105030139756"
"Madrid R.I.; Turrero M.; Ortega-Moral M.","Madrid, R. Ignacio (34976948800); Turrero, Mercedes (55948734300); Ortega-Moral, Manuel (14632373200)","34976948800; 55948734300; 14632373200","Applying human-centred design to create a collecting tool of needs and preferences for the personalisation of ATMs","2013","Assistive Technology Research Series","33","","","380","385","3","10.3233/978-1-61499-304-9-380","https://www.scopus.com/inward/record.uri?eid=2-s2.0-84889040548&doi=10.3233%2F978-1-61499-304-9-380&partnerID=40&md5=219a075c634fc5a42c116ad50ba2083a","Conference paper","Final","","Scopus","2-s2.0-84889040548"
"Putnam C.; Wozniak K.; Zefeldt M.J.; Cheng J.; Caputo M.; Duffield C.","Putnam, Cynthia (26422462300); Wozniak, Kathryn (55497242100); Zefeldt, Mary Jo (55498067400); Cheng, Jinghui (57203517079); Caputo, Morgan (55496859700); Duffield, Carl (55496618100)","26422462300; 55497242100; 55498067400; 57203517079; 55496859700; 55496618100","How do professionals who create computing technologies consider accessibility?","2012","ASSETS'12 - Proceedings of the 14th International ACM SIGACCESS Conference on Computers and Accessibility","","","","87","94","47","10.1145/2384916.2384932","https://www.scopus.com/inward/record.uri?eid=2-s2.0-84869796558&doi=10.1145%2F2384916.2384932&partnerID=40&md5=e3bf665687b9ab67e5e54605461f9da0","Conference paper","Final","","Scopus","2-s2.0-84869796558"
"Rante B.C.D.; Reserva K.P.; Rocales K.A.M.; Moyon E.S.","Rante, Bernie Cherry D. (60243084800); Reserva, Kurt P. (60243367100); Rocales, Kylene Angela M. (60242805200); Moyon, Elbert S. (57194029999)","60243084800; 60243367100; 60242805200; 57194029999","Redesigning MyAneco Using Human-Computer Interaction Guidelines: A User-Centered Approach to Improving Usability and Accessibility","2025","9th International Artificial Intelligence and Data Processing Symposium, IDAP 2025","","","","","","0","10.1109/IDAP68205.2025.11222324","https://www.scopus.com/inward/record.uri?eid=2-s2.0-105024992615&doi=10.1109%2FIDAP68205.2025.11222324&partnerID=40&md5=cb19c26c240a5996a3bd1dac6d28d334","Conference paper","Final","","Scopus","2-s2.0-105024992615"
"Kim W.J.; Kim I.K.; Kim M.J.; Lee E.","Kim, Woo Jin (57189296426); Kim, Il Kon (14919454400); Kim, Min Ji (57206001445); Lee, Eunjoo (56502620400)","57189296426; 14919454400; 57206001445; 56502620400","Effect of UX Design Guideline on the information accessibility for the visually impaired in the mobile health apps","2019","Proceedings - 2018 IEEE International Conference on Bioinformatics and Biomedicine, BIBM 2018","","","8621471","1103","1106","12","10.1109/BIBM.2018.8621471","https://www.scopus.com/inward/record.uri?eid=2-s2.0-85062552457&doi=10.1109%2FBIBM.2018.8621471&partnerID=40&md5=02e95afe528fc754f8474153f6f0258d","Conference paper","Final","","Scopus","2-s2.0-85062552457"
"Jefferson D.; Paige F.","Jefferson, Dwayne (57220107796); Paige, Frederick (57202021599)","57220107796; 57202021599","Improving the utility of green building certification resources","2020","Construction Research Congress 2020: Infrastructure Systems and Sustainability - Selected Papers from the Construction Research Congress 2020","","","","905","913","0","10.1061/9780784482858.097","https://www.scopus.com/inward/record.uri?eid=2-s2.0-85096903759&doi=10.1061%2F9780784482858.097&partnerID=40&md5=2c5f50f079658e2219aab142d2c90380","Conference paper","Final","","Scopus","2-s2.0-85096903759"
"Wilhelmsen M.; Rønning L.S.; Luu D.-T.; Ho-Le M.-Q.; Tran T.-H.; Gurrin C.; Tran M.-T.; Nguyen D.T.D.","Wilhelmsen, Michela (59209873800); Rønning, Linnea Sannes (60149270400); Luu, Duc-Tuan (57218242591); Ho-Le, Minh-Quan (58778381800); Tran, Thanh-Hai (59413098500); Gurrin, Cathal (58150184600); Tran, Minh-Triet (35176729700); Nguyen, Duc Tien Dang (54792686300)","59209873800; 60149270400; 57218242591; 58778381800; 59413098500; 58150184600; 35176729700; 54792686300","VitaChronicle 2.0: A Dual-Mode UX-Centered Approach to Lifelog Image Retrieval for Novice and Expert Users","2025","LSC 2025 - Proceedings of the 2025 Annual ACM Workshop on the Lifelog Search Challenge","","","","63","69","2","10.1145/3729459.3748692","https://www.scopus.com/inward/record.uri?eid=2-s2.0-105019308831&doi=10.1145%2F3729459.3748692&partnerID=40&md5=aadd0168b3cd9659bc15a8a5fcc83efa","Conference paper","Final","All Open Access; Gold Open Access","Scopus","2-s2.0-105019308831"
"Badole M.H.; Kotangale K.; Avthankar A.; Gaikwad P.","Badole, Madhuri Husan (56857588400); Kotangale, Kapil (57217635779); Avthankar, Ankita (59696424200); Gaikwad, Prajwal (57670709000)","56857588400; 57217635779; 59696424200; 57670709000","MyTravelQuery: Social Media Platform for Travelers","2025","2025 9th International Conference on Computing, Communication, Control and Automation, ICCCBEA 2025","","","","","","0","10.1109/ICCUBEA65967.2025.11283862","https://www.scopus.com/inward/record.uri?eid=2-s2.0-105031903126&doi=10.1109%2FICCUBEA65967.2025.11283862&partnerID=40&md5=ddfb26c01a54800f2c13367d1422941c","Conference paper","Final","","Scopus","2-s2.0-105031903126"
"","","","26th International Conference on Human-Computer Interaction, HCII 2024","2025","Communications in Computer and Information Science","2321 CCIS","","","","","0","","https://www.scopus.com/inward/record.uri?eid=2-s2.0-85215660147&partnerID=40&md5=03031b5d882618237e6c0d5c6af1cedb","Conference review","Final","","Scopus","2-s2.0-85215660147"
"Wilkinson J.; Breneman K.","Wilkinson, Jaci (57201655696); Breneman, Kyle (57217825902)","57201655696; 57217825902","Bridging the Digital and the Physical User Experience: Analysis of Academic Library Floor Plans","2020","Journal of Web Librarianship","","","","28","51","7","10.1080/19322909.2020.1788497","https://www.scopus.com/inward/record.uri?eid=2-s2.0-85087644957&doi=10.1080%2F19322909.2020.1788497&partnerID=40&md5=d582e4bb0c38df3cd63f985f97068c96","Article","Final","","Scopus","2-s2.0-85087644957"
"","","","ACM International Conference Proceeding Series","2017","ACM International Conference Proceeding Series","","","","","","0","","https://www.scopus.com/inward/record.uri?eid=2-s2.0-85046054108&partnerID=40&md5=3d157508cdf211a9c5c6c49aab982f93","Conference review","Final","","Scopus","2-s2.0-85046054108"
"Ginige J.A.; Rana K.; Belcastro M.; Gunaratne P.; Lillis S.; Numbers K.T.; Lin P.-H.; Nguyen K.; Tanvir M.; Reppermund S.","Ginige, Jeewani Anupama (25930945900); Rana, Kritika (57612720700); Belcastro, Marcus (57921942800); Gunaratne, Pahan (60222651200); Lillis, Sam (60222340400); Numbers, Katya T. (56270957500); Lin, Ping-Hsiu (60222548400); Nguyen, Kathy (60222030700); Tanvir, Minal (60222548500); Reppermund, Simone (19337432200)","25930945900; 57612720700; 57921942800; 60222651200; 60222340400; 56270957500; 60222548400; 60222030700; 60222548500; 19337432200","Technical development and user experience evaluation of the Computerised version of the Sydney Test of Activities of daily living in Memory disorders (C-STAM)","2025","Frontiers in Digital Health","7","","1637916","","","0","10.3389/fdgth.2025.1637916","https://www.scopus.com/inward/record.uri?eid=2-s2.0-105023679598&doi=10.3389%2Ffdgth.2025.1637916&partnerID=40&md5=5d2ef2d0eba01db830534629fb6a089a","Article","Final","All Open Access; Gold Open Access; Green Open Access","Scopus","2-s2.0-105023679598"
"Xie X.; Raval S.; Deb S.","Xie, Xinyuan (60350951600); Raval, Sanket (57191225810); Deb, Sanchari (57191746891)","60350951600; 57191225810; 57191746891","User Experience of Public Electric Vehicle Charging Infrastructure in Shanghai: A Quantitative Analysis","2026","World Electric Vehicle Journal","17","1","28","","","0","10.3390/wevj17010028","https://www.scopus.com/inward/record.uri?eid=2-s2.0-105028490393&doi=10.3390%2Fwevj17010028&partnerID=40&md5=37ab8c4a85e6a84cf58ddb3a05942249","Article","Final","All Open Access; Gold Open Access; Green Open Access","Scopus","2-s2.0-105028490393"
"Chaparro E.B.M.; Reyes H.C.; Zavala A.E.M.; Arteaga J.M.","Chaparro, Erwin Brian Montes (58294925700); Reyes, Héctor Cardona (57188961346); Zavala, Angel Eduardo Muñoz (13609169900); Arteaga, Jaime Muñoz (55993784500)","58294925700; 57188961346; 13609169900; 55993784500","Digital Ecosystem Model to Produce Mixed Reality Environments to assist Neurocognitive Disorder","2025","CLEI Eletronic Journal (CLEIej)","28","2","12","","","0","10.19153/cleiej.28.2.12","https://www.scopus.com/inward/record.uri?eid=2-s2.0-105005445231&doi=10.19153%2Fcleiej.28.2.12&partnerID=40&md5=f3f12e947eaf7b084c624d13a4ca10c8","Article","Final","All Open Access; Gold Open Access; Green Open Access","Scopus","2-s2.0-105005445231"
"Karthikeyan G.; Aruna P.","Karthikeyan, G. (59934670500); Aruna, P. (57210677442)","59934670500; 57210677442","User Experience Optimization in Immersive Technologies: Techniques, Challenges, and Opportunities","2025","Proceedings of the International Conference on Intelligent Computing and Control Systems, ICICCS 2025","","","","908","917","5","10.1109/ICICCS65191.2025.10985157","https://www.scopus.com/inward/record.uri?eid=2-s2.0-105007535618&doi=10.1109%2FICICCS65191.2025.10985157&partnerID=40&md5=e639c593273d17613e9dd5ab8d9c5934","Conference paper","Final","","Scopus","2-s2.0-105007535618"
"Tetu I.C.","Tetu, Imari Cheyne (57947748000)","57947748000","Accessible Communication App for Teaching TechnicalWriting: Teaching Technical Writing with Accessibly Designed App for Hybrid and Hyflex Classrooms","2022","Proceedings of the 40th ACM International Conference on Design of Communication, SIGDOC 2022","","","","186","187","0","10.1145/3513130.3559008","https://www.scopus.com/inward/record.uri?eid=2-s2.0-85140899421&doi=10.1145%2F3513130.3559008&partnerID=40&md5=d3dbcc21d16ca9fb06988be5d520fa35","Conference paper","Final","","Scopus","2-s2.0-85140899421"
"Guerino G.; Rodrigues L.; Bianchini L.; Alves M.; Marinho M.; Veloso T.; Macario V.; Dermeval D.; Vieira T.; Bittencourt I.; Isotani S.","Guerino, Guilherme (57190289913); Rodrigues, Luiz (54279349000); Bianchini, Luana (59343879300); Alves, Mariana (60091453400); Marinho, Marcelo (36572242200); Veloso, Thomaz (60090101100); Macario, Valmir (24768229100); Dermeval, Diego (35754240900); Vieira, Thales (8308070700); Bittencourt, Ig (15924917400); Isotani, Seiji (7003734634)","57190289913; 54279349000; 59343879300; 60091453400; 36572242200; 60090101100; 24768229100; 35754240900; 8308070700; 15924917400; 7003734634","A Mixed User-Centered Approach to Enable Augmented Intelligence in Intelligent Tutoring Systems: The Case of MathAIde App","2025","International Journal of Human-Computer Interaction","","","","","","0","10.1080/10447318.2025.2553778","https://www.scopus.com/inward/record.uri?eid=2-s2.0-105015468516&doi=10.1080%2F10447318.2025.2553778&partnerID=40&md5=9c576ce85982488578d1c32075297686","Article","Article in press","All Open Access; Green Open Access","Scopus","2-s2.0-105015468516"
"Li V.; Sun P.; Lim Y.","Li, Vivian (60419268400); Sun, Peiyi (60418475900); Lim, Yihyun (57202941972)","60419268400; 60418475900; 57202941972","Optimizing UX Design to Enhance User Confidence in Digital Products","2024","Applied Human Factors and Ergonomics International","159","","","837","847","1","10.54941/ahfe1005650","https://www.scopus.com/inward/record.uri?eid=2-s2.0-105031239763&doi=10.54941%2Fahfe1005650&partnerID=40&md5=7a2a563f1ec46f7041702d5c7d998347","Book chapter","Final","","Scopus","2-s2.0-105031239763"
"Choudhary S.; Kaur S.; Sharma A.; Chandna S.","Choudhary, Shubham (58554275300); Kaur, Supriya (58553184300); Sharma, Abhinav (58599980800); Chandna, Swati (57302046600)","58554275300; 58553184300; 58599980800; 57302046600","An e-Learning Application for Children Suffering from Autism","2023","Lecture Notes in Computer Science (including subseries Lecture Notes in Artificial Intelligence and Lecture Notes in Bioinformatics)","14040 LNCS","","","32","41","2","10.1007/978-3-031-34411-4_3","https://www.scopus.com/inward/record.uri?eid=2-s2.0-85169027931&doi=10.1007%2F978-3-031-34411-4_3&partnerID=40&md5=82011958b138f7087279a6a219e88443","Conference paper","Final","","Scopus","2-s2.0-85169027931"
"Tysse Hordvik M.; Østby J.T.; Dang Nguyen D.T.; Kesavulu M.; Nguyen T.-N.; Le T.-K.; Gurrin C.; Tran M.-T.","Tysse Hordvik, Maria (59210568600); Østby, Julie Teilstad (58411027400); Dang Nguyen, Duc Tien (54792686300); Kesavulu, Manoj (57195066623); Nguyen, Thao-Nhu (57222136659); Le, Tu-Khiem (57192420025); Gurrin, Cathal (58150184600); Tran, Minh-Triet (35176729700)","59210568600; 58411027400; 54792686300; 57195066623; 57222136659; 57192420025; 58150184600; 35176729700","LifeLens 2.0: Improving Efficiency and Usability in Lifelog Retrieval Systems through UX/UI Design","2024","LSC 2024 - Proceedings of the 2024 Annual ACM Workshop on the Lifelog Search Challenge","","","","41","46","6","10.1145/3643489.3661119","https://www.scopus.com/inward/record.uri?eid=2-s2.0-85197881384&doi=10.1145%2F3643489.3661119&partnerID=40&md5=b790780413105e32092cee6e6c5b7396","Conference paper","Final","All Open Access; Gold Open Access","Scopus","2-s2.0-85197881384"
"Theodorou P.; Tsiligkos K.; Meliones A.; Filios C.","Theodorou, Paraskevi (57194044913); Tsiligkos, Kleomenis (56638552300); Meliones, Apostolos (55949094700); Filios, Costas (56997582700)","57194044913; 56638552300; 55949094700; 56997582700","A Training Smartphone Application for the Simulation of Outdoor Blind Pedestrian Navigation: Usability, UX Evaluation, Sentiment Analysis","2023","Sensors","23","1","367","","","9","10.3390/s23010367","https://www.scopus.com/inward/record.uri?eid=2-s2.0-85145966914&doi=10.3390%2Fs23010367&partnerID=40&md5=5fd930e843d77541f59845f6f1519f83","Article","Final","All Open Access; Gold Open Access; Green Open Access","Scopus","2-s2.0-85145966914"
"Iniesto F.; Coughlan T.; Lister K.","Iniesto, Francisco (56521566900); Coughlan, Tim (14035245400); Lister, Kate (57198091296)","56521566900; 14035245400; 57198091296","Implementing an accessible conversational user interface: Applying feedback from university students and disability support advisors","2021","Proceedings of the 18th International Web for All Conference, W4A 2021","","","3452431","","","11","10.1145/3430263.3452431","https://www.scopus.com/inward/record.uri?eid=2-s2.0-85107343749&doi=10.1145%2F3430263.3452431&partnerID=40&md5=2593b98463415d07f77b6aad57e5b6ad","Conference paper","Final","","Scopus","2-s2.0-85107343749"
"Llobet M.D.; Cairol M.T.; Iranzo R.M.G.; Cerezo E.","Llobet, Manel Díaz (59159472000); Cairol, Mercè Teixidó (57226104213); Iranzo, Rosa M. Gil (16549707600); Cerezo, Eva (6602103634)","59159472000; 57226104213; 16549707600; 6602103634","Intergenerational computer interaction in a co-creation application","2021","ACM International Conference Proceeding Series","","","","","","1","10.1145/3471391.3471427","https://www.scopus.com/inward/record.uri?eid=2-s2.0-85113268421&doi=10.1145%2F3471391.3471427&partnerID=40&md5=333ba90bf8c8a90ed17117b5fd54a1e9","Conference paper","Final","","Scopus","2-s2.0-85113268421"
"Arora L.; Choudhary A.; Bhatt M.; Kaliappan J.; Srinivasan K.","Arora, Lauryn (59364459400); Choudhary, Akansh (58093990500); Bhatt, Margi (58093807100); Kaliappan, Jayakumar (56780261200); Srinivasan, Kathiravan (57192191217)","59364459400; 58093990500; 58093807100; 56780261200; 57192191217","A comprehensive review on NUI, multi-sensory interfaces and UX design for applications and devices for visually impaired users","2024","Frontiers in Public Health","12","","1357160","","","9","10.3389/fpubh.2024.1357160","https://www.scopus.com/inward/record.uri?eid=2-s2.0-85208603853&doi=10.3389%2Ffpubh.2024.1357160&partnerID=40&md5=97af74f5fbbd41a39fb792c121ddb9ec","Review","Final","All Open Access; Gold Open Access; Green Open Access","Scopus","2-s2.0-85208603853"
"Sarkar R.","Sarkar, Ratan (59292974900)","59292974900","Universal and Inclusive Principles in Cross-Platform Digital Systems: Designing for All","2026","Advancing Accessibility Through Software Development for Disability and Neurodivergence","","","","1","53","0","10.4018/979-8-3373-6033-1.ch001","https://www.scopus.com/inward/record.uri?eid=2-s2.0-105033223487&doi=10.4018%2F979-8-3373-6033-1.ch001&partnerID=40&md5=6c08c25e660405dc354b6cf9c51542c1","Book chapter","Final","","Scopus","2-s2.0-105033223487"
"Polanco A., Jr.; Liu T.","Polanco, Alexis (60418606400); Liu, Tsailu (57547417600)","60418606400; 57547417600","Uncovering an Inclusion Gap in the Design of Digital Assessments for Middle School-Aged Deaf and Hard of Hearing Students in the United States","2023","Applied Human Factors and Ergonomics International","75","","","83","92","1","10.54941/ahfe1003329","https://www.scopus.com/inward/record.uri?eid=2-s2.0-105031495122&doi=10.54941%2Fahfe1003329&partnerID=40&md5=b06e2ebe93f4f458faaae8118a4762f9","Book chapter","Final","","Scopus","2-s2.0-105031495122"
"Fujita K.; Onishi K.; Takemura T.; Kuroda T.","Fujita, Kenichiro (56937575600); Onishi, Katsumi (57212278919); Takemura, Tadamasa (57208489586); Kuroda, Tomohiro (9233475900)","56937575600; 57212278919; 57208489586; 9233475900","The Improvement of the Electronic Health Record User Experience by Screen Design Principles","2020","Journal of Medical Systems","44","1","21","","","10","10.1007/s10916-019-1505-0","https://www.scopus.com/inward/record.uri?eid=2-s2.0-85076344954&doi=10.1007%2Fs10916-019-1505-0&partnerID=40&md5=28e6f30bde8d1f00fd450e06223255b1","Article","Final","","Scopus","2-s2.0-85076344954"
"","","","26th International Conference on Human-Computer Interaction, HCII 2024","2025","Lecture Notes in Computer Science (including subseries Lecture Notes in Artificial Intelligence and Lecture Notes in Bioinformatics) ","15378 LNCS","","","","","0","","https://www.scopus.com/inward/record.uri?eid=2-s2.0-85213354443&partnerID=40&md5=8884572deb9149cfa24c81f02d590f81","Conference review","Final","","Scopus","2-s2.0-85213354443"
"Guedes L.S.; Zanardi I.; Mastrogiuseppe M.; Span S.; Landoni M.","Guedes, Leandro S. (57144054900); Zanardi, Irene (57672781400); Mastrogiuseppe, Marilina (56600555300); Span, Stefania (57218437951); Landoni, Monica (7006670375)","57144054900; 57672781400; 56600555300; 57218437951; 7006670375","Co-designing a Museum Application with People with Intellectual Disabilities: Findings and Accessible Redesign","2023","ACM International Conference Proceeding Series","","","22","","","16","10.1145/3605655.3605687","https://www.scopus.com/inward/record.uri?eid=2-s2.0-85173839112&doi=10.1145%2F3605655.3605687&partnerID=40&md5=762d8317ca5ad0f05e8f02ed95ad6cd2","Conference paper","Final","","Scopus","2-s2.0-85173839112"
"Iniesto F.; McAndrew P.; Minocha S.; Coughlan T.","Iniesto, Francisco (56521566900); McAndrew, Patrick (9336386500); Minocha, Shailey (7003599195); Coughlan, Tim (14035245400)","56521566900; 9336386500; 7003599195; 14035245400","Auditing the Accessibility of MOOCs: A Four-Component Approach","2019","Lecture Notes in Computer Science (including subseries Lecture Notes in Artificial Intelligence and Lecture Notes in Bioinformatics)","11722 LNCS","","","650","654","9","10.1007/978-3-030-29736-7_59","https://www.scopus.com/inward/record.uri?eid=2-s2.0-85072949738&doi=10.1007%2F978-3-030-29736-7_59&partnerID=40&md5=f9ced547f6a1fa809101919256daa078","Conference paper","Final","","Scopus","2-s2.0-85072949738"
"Fathauer L.; Rao D.M.","Fathauer, Laura (55861444700); Rao, Dhananjai M. (7401511569)","55861444700; 7401511569","Accessibility in an educational software system: Experiences and Design Tips","2019","Proceedings - Frontiers in Education Conference, FIE","2019-October","","9028402","","","6","10.1109/FIE43999.2019.9028402","https://www.scopus.com/inward/record.uri?eid=2-s2.0-85082490770&doi=10.1109%2FFIE43999.2019.9028402&partnerID=40&md5=2a3864c860ba6d02fbfc69a8d15996ca","Conference paper","Final","","Scopus","2-s2.0-85082490770"
"Hill R.; Kovesdi C.; Mortenson T.; Polzin M.; Spielman Z.; Le Blanc K.","Hill, Rachael (57191073309); Kovesdi, Casey (55596516000); Mortenson, Torrey (57207880165); Polzin, Madelyn (58784066300); Spielman, Zachary (55956955400); Le Blanc, Katya (39762089300)","57191073309; 55596516000; 57207880165; 58784066300; 55956955400; 39762089300","Bridging the Gap Between Modern UX Design and Particle Accelerator Control Room Interfaces","2025","Applied Human Factors and Ergonomics International","199","","","441","450","0","10.54941/ahfe1006856","https://www.scopus.com/inward/record.uri?eid=2-s2.0-105030167573&doi=10.54941%2Fahfe1006856&partnerID=40&md5=83cbe8bb1ec77a79c41440babea8ac44","Book chapter","Final","","Scopus","2-s2.0-105030167573"
"Saadati P.; Husamaldin L.; Abdelnour-Nocera J.","Saadati, Parisa (57212063483); Husamaldin, Laden (57214749973); Abdelnour-Nocera, Jose (57217053640)","57212063483; 57214749973; 57217053640","Using aspect-based sentiment analysis as a tool for socio-technical system design","2024","CEUR Workshop Proceedings","3857","","","232","255","0","","https://www.scopus.com/inward/record.uri?eid=2-s2.0-85212703225&partnerID=40&md5=c3f4f5bd8ee5cc7457b360317d785efb","Conference paper","Final","","Scopus","2-s2.0-85212703225"
"Wu Q.; Wu G.; Tong X.","Wu, Qiong (57200337206); Wu, Guanshang (55802588500); Tong, Xin (57198557949)","57200337206; 55802588500; 57198557949","User experience in public information service design for smart life","2013","Lecture Notes in Computer Science (including subseries Lecture Notes in Artificial Intelligence and Lecture Notes in Bioinformatics)","8005 LNCS","PART 2","","207","215","0","10.1007/978-3-642-39262-7_24","https://www.scopus.com/inward/record.uri?eid=2-s2.0-84880662604&doi=10.1007%2F978-3-642-39262-7_24&partnerID=40&md5=f912f6a7143e9e461c157e4fb6abe9bd","Conference paper","Final","","Scopus","2-s2.0-84880662604"
"Rosa J.R.D.S.; Valentim N.M.C.","Rosa, João Ricardo Dos S. (57221644926); Valentim, Natasha Malveira C. (56429611300)","57221644926; 56429611300","Investigating the use of UAUDG-VI in the Mobile Applications Design for Visually Impaired considering Accessibility, Usability and UX: A Feasibility Study and an Evaluation with Experts","2022","ACM International Conference Proceeding Series","","","39","","","3","10.1145/3554364.3561829","https://www.scopus.com/inward/record.uri?eid=2-s2.0-85140962253&doi=10.1145%2F3554364.3561829&partnerID=40&md5=a8f4fcc7727c27527908084b117887ba","Conference paper","Final","","Scopus","2-s2.0-85140962253"
"Callegaro M.; Villar A.; Sedley A.","Callegaro, Mario (24341011600); Villar, Ana (57086124300); Sedley, Aaron (55337007800)","24341011600; 57086124300; 55337007800","Online survey methodology for user experience research: A framework for utility and quality","2020","Conference on Human Factors in Computing Systems - Proceedings","","","3375048","","","2","10.1145/3334480.3375048","https://www.scopus.com/inward/record.uri?eid=2-s2.0-85090183930&doi=10.1145%2F3334480.3375048&partnerID=40&md5=fff27c966bf86b0515a11e0b7ca26f30","Conference paper","Final","","Scopus","2-s2.0-85090183930"
"","","","26th International Conference on Human-Computer Interaction, HCII 2024","2025","Lecture Notes in Computer Science (including subseries Lecture Notes in Artificial Intelligence and Lecture Notes in Bioinformatics) ","15380 LNCS","","","","","0","","https://www.scopus.com/inward/record.uri?eid=2-s2.0-85213307452&partnerID=40&md5=36c600c050cdb83fe7bb8ac9a2fd9c94","Conference review","Final","","Scopus","2-s2.0-85213307452"
"Miner N.; Gill K.; Harteveld C.; Bono C.; Mehta D.H.","Miner, Nathan (57451098000); Gill, Karmen (60238976300); Harteveld, Casper (23392508000); Bono, Christopher (7003652382); Mehta, Darshan H. (16309899700)","57451098000; 60238976300; 23392508000; 7003652382; 16309899700","Media-Dependent Effects in Heart Rate Variability Biofeedback: A Systematic Review of Extended Reality and Screen-Based Training Approaches","2025","Journal of Medical Extended Reality","2","1","","","","0","10.1089/jmedxr.2024.0060","https://www.scopus.com/inward/record.uri?eid=2-s2.0-105024810476&doi=10.1089%2Fjmedxr.2024.0060&partnerID=40&md5=89475a2223e12f8b48fc58ec91d457c8","Review","Final","All Open Access; Hybrid Gold Open Access","Scopus","2-s2.0-105024810476"
"Samrgandi N.H.","Samrgandi, Najwa H. (57211448765)","57211448765","IMPROVING USER EXPERIENCE WITH DIGITAL TRANSFORMATION PRACTICES IN ACADEMIA","2025","Journal of Theoretical and Applied Information Technology","103","18","","7342","7352","0","","https://www.scopus.com/inward/record.uri?eid=2-s2.0-105024810596&partnerID=40&md5=491741550e780a1aedf60a34ccec249e","Article","Final","","Scopus","2-s2.0-105024810596"
"Yoo S.H.","Yoo, Seung Hun (57197734952)","57197734952","The Effect of Cognitive UX Design on the Elder Generations’ Accessibility to the Commercial Space","2021","Archives of Design Research","34","4","","193","205","2","10.15187/adr.2021.11.34.4.193","https://www.scopus.com/inward/record.uri?eid=2-s2.0-85122243272&doi=10.15187%2Fadr.2021.11.34.4.193&partnerID=40&md5=f84c175113d5da13475e583c081a7983","Article","Final","All Open Access; Gold Open Access","Scopus","2-s2.0-85122243272"
"","","","16th IFIP TC13 International Conference on Human-Computer Interaction, INTERACT 2017","2017","Lecture Notes in Computer Science","10516 LNCS","","","1","512","0","","https://www.scopus.com/inward/record.uri?eid=2-s2.0-85030858305&partnerID=40&md5=aecccfdd90e75a461feb86ee95f4f66a","Conference review","Final","","Scopus","2-s2.0-85030858305"
"Jayakumar D.; Madubala J.; Bavadharani R.; Ramkumar M.; Rajmohan R.","Jayakumar, D. (57212310120); Madubala, J. (60093154100); Bavadharani, R. (60093277100); Ramkumar, M. (57353403500); Rajmohan, R. (57212309621)","57212310120; 60093154100; 60093277100; 57353403500; 57212309621","Real Time Posture Feedback and Personalized Health Solution","2025","2025 International Conference on Emerging Technologies in Engineering Applications, ICETEA 2025 - Proceedings","","","","","","0","10.1109/ICETEA64585.2025.11099681","https://www.scopus.com/inward/record.uri?eid=2-s2.0-105015599414&doi=10.1109%2FICETEA64585.2025.11099681&partnerID=40&md5=661d42346798d70ccf94fbad0c98d161","Conference paper","Final","","Scopus","2-s2.0-105015599414"
"Packer B.; Keates S.","Packer, Brian (57351453300); Keates, Simeon (55042755300)","57351453300; 55042755300","Designing AI Writing Workflow UX for Reduced Cognitive Loads","2023","Lecture Notes in Computer Science (including subseries Lecture Notes in Artificial Intelligence and Lecture Notes in Bioinformatics)","14021 LNCS","","","306","325","4","10.1007/978-3-031-35897-5_23","https://www.scopus.com/inward/record.uri?eid=2-s2.0-85173016253&doi=10.1007%2F978-3-031-35897-5_23&partnerID=40&md5=f8a06b883ffb10a48c3cbd1af7f64104","Conference paper","Final","","Scopus","2-s2.0-85173016253"
"Sagala M.R.; Pandiangan P.L.; Firdaus R.; Leandros R.; Hairumna A.","Sagala, Mei Romauli (59708246200); Pandiangan, Pratiwi Lasniate (59708719600); Firdaus, Rizal (58197305200); Leandros, Riyan (57211531687); Hairumna, Andika (59708958800)","59708246200; 59708719600; 58197305200; 57211531687; 59708958800","Usability Analysis and UI Improvements of Museum Nasional Website Using Heuristic Evaluation Methodology","2024","2024 6th International Conference on Cybernetics and Intelligent System, ICORIS 2024","","","","","","0","10.1109/ICORIS63540.2024.10903811","https://www.scopus.com/inward/record.uri?eid=2-s2.0-105001029538&doi=10.1109%2FICORIS63540.2024.10903811&partnerID=40&md5=d9ac181251167ea9017766d7d59b6614","Conference paper","Final","","Scopus","2-s2.0-105001029538"
"Grandi F.; Peruzzini M.; Raffaeli R.; Pellicciari M.","Grandi, Fabio (57195805210); Peruzzini, Margherita (34971929300); Raffaeli, Roberto (10739418500); Pellicciari, Marcello (26428392600)","57195805210; 34971929300; 10739418500; 26428392600","Transdisciplinary assessment matrix to design human-machine interaction","2020","Advances in Transdisciplinary Engineering","12","","","183","192","1","10.3233/ATDE200076","https://www.scopus.com/inward/record.uri?eid=2-s2.0-85092777482&doi=10.3233%2FATDE200076&partnerID=40&md5=90f5fc0b836ec60b134a935d80663634","Conference paper","Final","All Open Access; Gold Open Access; Green Open Access","Scopus","2-s2.0-85092777482"
"Paraskevi P.; Alexandros Y.; Thomas F.; Christos M.; Papadopoulos G.A.","Paraskevi, Panagi (59902456900); Alexandros, Yeratziotis (59902652100); Thomas, Fotiadis (59902060200); Christos, Mettouris (59901484200); Papadopoulos, George A. (7201360687)","59902456900; 59902652100; 59902060200; 59901484200; 7201360687","“Signifier” Video Sharing Platform and Accessible Media Player for Deaf Users","2024","GoodIT 2024 - Proceedings of the 2024 International Conference on Information Technology for Social Good","","","","151","157","1","10.1145/3677525.3678655","https://www.scopus.com/inward/record.uri?eid=2-s2.0-105005389974&doi=10.1145%2F3677525.3678655&partnerID=40&md5=d7eda06cba98b64f4f0ea6c500f27766","Conference paper","Final","","Scopus","2-s2.0-105005389974"
"Bachmaier P.; O'Donohoe C.","Bachmaier, Patricia (57981368200); O'Donohoe, Clare (57981202000)","57981368200; 57981202000","Prioritising User Experience (UX) in the provision of digital public services: An introductory examination of how the application of UX research methods can facilitate the development of user centric digital public services","2022","ACM International Conference Proceeding Series","","","","559","561","0","10.1145/3560107.3560195","https://www.scopus.com/inward/record.uri?eid=2-s2.0-85142611515&doi=10.1145%2F3560107.3560195&partnerID=40&md5=e0434d485375d014b6965af9bdbe301a","Conference paper","Final","","Scopus","2-s2.0-85142611515"
"Kim S.; Kwon E.; Yu J.; Choi Y.; Ko M.-H.; Jo Y.-J.; Kim H.-G.; You H.","Kim, Sujin (60353714900); Kwon, Eunjin (60353657300); Yu, Jaesun (60353599800); Choi, Younggeun (55582160600); Ko, Myoung-Hwan (7201494769); Jo, Yun-Ju (57211782280); Kim, Hyun-Gi (60353489000); You, Heecheon (59894304800)","60353714900; 60353657300; 60353599800; 55582160600; 7201494769; 57211782280; 60353489000; 59894304800","User Experience Enhancement of a Gamified Speech Therapy Program Using the Double Diamond Design Framework","2026","Applied Sciences (Switzerland)","16","2","826","","","0","10.3390/app16020826","https://www.scopus.com/inward/record.uri?eid=2-s2.0-105028678542&doi=10.3390%2Fapp16020826&partnerID=40&md5=33f53ba0198ff092243ea48fbb98afca","Article","Final","All Open Access; Gold Open Access; Green Open Access","Scopus","2-s2.0-105028678542"
"Artomo; Putri D.R.; Puspaningrum N.D.; Suzanna","Artomo (59940238200); Putri, Dizca Rosalia (59940489700); Puspaningrum, Natalia Deviyanti (59940451200); Suzanna (57219569988)","59940238200; 59940489700; 59940451200; 57219569988","Analysis of User Experience in the Emergency Services Portal on Smartphone Applications","2025","2025 5th International Conference on Innovative Research in Applied Science, Engineering and Technology, IRASET 2025","","","","","","0","10.1109/IRASET64571.2025.11008051","https://www.scopus.com/inward/record.uri?eid=2-s2.0-105007822260&doi=10.1109%2FIRASET64571.2025.11008051&partnerID=40&md5=32f95f9deb54347c3a8160faaf8560f3","Conference paper","Final","","Scopus","2-s2.0-105007822260"
"","","","13th International Conference on Universal Access in Human-Computer Interaction, UAHCI 2019, held as part of the 21st International Conference on Human-Computer Interaction, HCI International 2019","2019","Lecture Notes in Computer Science (including subseries Lecture Notes in Artificial Intelligence and Lecture Notes in Bioinformatics)","11572 LNCS","","","","","0","","https://www.scopus.com/inward/record.uri?eid=2-s2.0-85069879836&partnerID=40&md5=a72ad9296367a92bea145fe6ffe9a436","Conference review","Final","","Scopus","2-s2.0-85069879836"
"Lorincz J.; Barišić K.; Vlahović V.","Lorincz, Josip (15061380400); Barišić, Katarina (60351584600); Vlahović, Vjeran (60352096500)","15061380400; 60351584600; 60352096500","Usability Testing and the System Usability Scale Effectiveness Assessment on Different Sensing Devices of Prototype and Live Web System Counterpart","2026","Sensors","26","2","679","","","0","10.3390/s26020679","https://www.scopus.com/inward/record.uri?eid=2-s2.0-105028568533&doi=10.3390%2Fs26020679&partnerID=40&md5=7505fa42dbfe8278acd24120d8862e5b","Article","Final","All Open Access; Gold Open Access; Green Open Access","Scopus","2-s2.0-105028568533"
"Ijaz K.; Tran T.T.M.; Kocaballi A.B.; Calvo R.A.; Berkovsky S.; Ahmadpour N.","Ijaz, Kiran (10939460500); Tran, Tram Thi Minh (57223160891); Kocaballi, Ahmet Baki (57218145510); Calvo, Rafael A. (8957803600); Berkovsky, Shlomo (8945336100); Ahmadpour, Naseem (56090383100)","10939460500; 57223160891; 57218145510; 8957803600; 8945336100; 56090383100","Design Considerations for Immersive Virtual Reality Applications for Older Adults: A Scoping Review","2022","Multimodal Technologies and Interaction","6","7","60","","","49","10.3390/mti6070060","https://www.scopus.com/inward/record.uri?eid=2-s2.0-85136119426&doi=10.3390%2Fmti6070060&partnerID=40&md5=5f96ebc17fafebb89d14170da7aa14fd","Review","Final","All Open Access; Gold Open Access; Green Open Access","Scopus","2-s2.0-85136119426"
"Corsetti B.; Moreno L.; Hervás R.","Corsetti, Barbara (57204612608); Moreno, Lourdes (7101696703); Hervás, Raquel (8515729300)","57204612608; 7101696703; 8515729300","Eleuteria App: designing an interactive system to support individuals with mild intellectual disabilities","2025","Universal Access in the Information Society","24","4","","3271","3288","1","10.1007/s10209-025-01247-x","https://www.scopus.com/inward/record.uri?eid=2-s2.0-105012867833&doi=10.1007%2Fs10209-025-01247-x&partnerID=40&md5=abea9a876d116b09b8762700844e2127","Article","Final","","Scopus","2-s2.0-105012867833"
"Evans I.; Porter C.; Micallef M.","Evans, Isabel (56586590500); Porter, Chris (57020856500); Micallef, Mark (55981263700)","56586590500; 57020856500; 55981263700","How Can Heuristics Be Communicated?","2025","Communications in Computer and Information Science","2370 CCIS","","","435","453","0","10.1007/978-3-031-82633-7_26","https://www.scopus.com/inward/record.uri?eid=2-s2.0-105000746303&doi=10.1007%2F978-3-031-82633-7_26&partnerID=40&md5=950d0018a28d93d1c30c604fa41a95e9","Conference paper","Final","All Open Access; Hybrid Gold Open Access","Scopus","2-s2.0-105000746303"
"Yingta N.; Saadati P.; Abdelnour-Nocera J.; Brew O.; Rehman I.U.","Yingta, Nurha (57265052100); Saadati, Parisa (57212063483); Abdelnour-Nocera, Jose (57217053640); Brew, Obed (6507494366); Rehman, Ikram Ur (56566278600)","57265052100; 57212063483; 57217053640; 6507494366; 56566278600","Designing Mobile Health Apps: A Systematic Review of Design Goals for Supporting Healthcare Professionals","2023","36th Annual British HCI Conference","","","","274","284","1","10.14236/ewic/BCSHCI2023.30","https://www.scopus.com/inward/record.uri?eid=2-s2.0-85204556394&doi=10.14236%2Fewic%2FBCSHCI2023.30&partnerID=40&md5=2e499b8eebd224ffaba48a43e5ee2bbf","Conference paper","Final","All Open Access; Hybrid Gold Open Access","Scopus","2-s2.0-85204556394"
"Kowar S.; Mukherjee S.; Ghosh S.","Kowar, Subhadip (59680615100); Mukherjee, Sneha (60039152200); Ghosh, Shramana (60039290100)","59680615100; 60039152200; 60039290100","Revolutionizing software engineering: Innovative design thinking approaches","2025","Innovative Design Thinking Approaches in Software Engineering","","","","1","26","0","10.4018/979-8-3693-9531-8.ch001","https://www.scopus.com/inward/record.uri?eid=2-s2.0-105013045166&doi=10.4018%2F979-8-3693-9531-8.ch001&partnerID=40&md5=c00ce050c1222be644077b34198df095","Book chapter","Final","","Scopus","2-s2.0-105013045166"
"Pagani Vavik E.; Wilhelmsen M.; Dal Østensen J.; Dang-Nguyen D.-T.; Ninh V.-T.; Kesavulu M.; Gurrin C.; Vuong G.-H.; Ho V.-S.; Tran M.-T.","Pagani Vavik, Eirik (59210049500); Wilhelmsen, Michela (59209873800); Dal Østensen, Jenny (59210761100); Dang-Nguyen, Duc-Tien (54792686300); Ninh, Van-Tu (57192412065); Kesavulu, Manoj (57195066623); Gurrin, Cathal (58150184600); Vuong, Gia-Huy (57147436100); Ho, Van-Son (57868319100); Tran, Minh-Triet (35176729700)","59210049500; 59209873800; 59210761100; 54792686300; 57192412065; 57195066623; 58150184600; 57147436100; 57868319100; 35176729700","VitaChronicle: Applying UX/UI Principles and Guidelines to Enhance Lifelog Retrieval System Design","2024","LSC 2024 - Proceedings of the 2024 Annual ACM Workshop on the Lifelog Search Challenge","","","","30","35","7","10.1145/3643489.3661117","https://www.scopus.com/inward/record.uri?eid=2-s2.0-85197848017&doi=10.1145%2F3643489.3661117&partnerID=40&md5=ee3f70fab12d242aacaca2ef29ca08a5","Conference paper","Final","All Open Access; Gold Open Access","Scopus","2-s2.0-85197848017"
"Polanco A.; Liu T.","Polanco, Alexis (60418606400); Liu, Tsailu (59471299300)","60418606400; 59471299300","Multidisciplinary Framework for Creating the Next-Generation of Human-Centered Design Guidelines","2023","Applied Human Factors and Ergonomics International","114","","","84","92","0","10.54941/ahfe1004225","https://www.scopus.com/inward/record.uri?eid=2-s2.0-105031242004&doi=10.54941%2Fahfe1004225&partnerID=40&md5=7a31dad655095ec138c47a1db68dbb6f","Book chapter","Final","","Scopus","2-s2.0-105031242004"
"Rafael S.; Rebelo F.; Pinto B.; Gil A.; Lima C.; Chitas J.; Pascoal M.; Simões L.","Rafael, Sónia (57209317136); Rebelo, Francisco (23398361300); Pinto, Beatriz (58554021800); Gil, Andreia (58553116400); Lima, Catharina (57204353260); Chitas, Joana (58554205900); Pascoal, Marta (58554021900); Simões, Lúcio (58553297400)","57209317136; 23398361300; 58554021800; 58553116400; 57204353260; 58554205900; 58554021900; 58553297400","Inclusion Through Accessibility. Handi Bot, a Translator for Portuguese Sign Language","2023","Lecture Notes in Computer Science (including subseries Lecture Notes in Artificial Intelligence and Lecture Notes in Bioinformatics)","14020 LNCS","","","451","466","0","10.1007/978-3-031-35681-0_30","https://www.scopus.com/inward/record.uri?eid=2-s2.0-85169027714&doi=10.1007%2F978-3-031-35681-0_30&partnerID=40&md5=a2bebad2ad26bc13511ee0c19c543664","Conference paper","Final","","Scopus","2-s2.0-85169027714"
"Mower A.; Nguyen R.; Frank K.","Mower, Andrea (57218770649); Nguyen, Rosalyn (57218760966); Frank, Kevin (57220631946)","57218770649; 57218760966; 57220631946","Evaluation of technology accessibility and user sentiment in learning through virtual reality modality","2020","Conference on Human Factors in Computing Systems - Proceedings","","","3375205","","","7","10.1145/3334480.3375205","https://www.scopus.com/inward/record.uri?eid=2-s2.0-85090185572&doi=10.1145%2F3334480.3375205&partnerID=40&md5=0db2ae8b1802c2764bf47176afbdd413","Conference paper","Final","","Scopus","2-s2.0-85090185572"
"Pittarello F.; Carrieri A.; Pellegrini T.; Volo A.","Pittarello, Fabio (15137084500); Carrieri, Alessandro (57223927588); Pellegrini, Tommaso (55902596700); Volo, Alessandra (57750561700)","15137084500; 57223927588; 55902596700; 57750561700","Designing Accessible Urban AR Experiences for Digital Humanities","2023","Proceedings - IEEE Consumer Communications and Networking Conference, CCNC","2023-January","","","","","2","10.1109/CCNC51644.2023.10060236","https://www.scopus.com/inward/record.uri?eid=2-s2.0-85150596150&doi=10.1109%2FCCNC51644.2023.10060236&partnerID=40&md5=fa76b3ef8264e0c5ada2cc658a38f6ff","Conference paper","Final","","Scopus","2-s2.0-85150596150"
"Rosa J.R.D.S.; Valentim N.M.C.","Rosa, Joao Ricardo Dos S. (57221644926); Valentim, Natasha Malveira C. (56429611300)","57221644926; 56429611300","Accessibility, usability and user experience design for visually impaired people: A systematic mapping study","2020","IHC 2020 - Proceedings of the 19th Brazilian Symposium on Human Factors in Computing Systems","","","","","","10","10.1145/3424953.3426626","https://www.scopus.com/inward/record.uri?eid=2-s2.0-85099701164&doi=10.1145%2F3424953.3426626&partnerID=40&md5=2eec617ebdaf5dc86dac2c05f7d1f93c","Conference paper","Final","","Scopus","2-s2.0-85099701164"
"","","","26th International Conference on Human-Computer Interaction, HCII 2024","2024","Communications in Computer and Information Science","2119 CCIS","","","","","0","","https://www.scopus.com/inward/record.uri?eid=2-s2.0-85195602468&partnerID=40&md5=e512b629c19cdb30f8cd9eaccb0740eb","Conference review","Final","","Scopus","2-s2.0-85195602468"
"Donohue S.K.; Richards L.G.","Donohue, Susan K. (57206323938); Richards, Larry G. (7103311765)","57206323938; 7103311765","Enabling access to engineering education materials everywhere by design","2017","Proceedings - Frontiers in Education Conference, FIE","2017-October","","","1","5","0","10.1109/FIE.2017.8190671","https://www.scopus.com/inward/record.uri?eid=2-s2.0-85043236003&doi=10.1109%2FFIE.2017.8190671&partnerID=40&md5=32233b77b103da0b537994c10985f241","Conference paper","Final","","Scopus","2-s2.0-85043236003"
"","","","ACM International Conference Proceeding Series","2016","ACM International Conference Proceeding Series","","","","","","0","","https://www.scopus.com/inward/record.uri?eid=2-s2.0-85019529861&partnerID=40&md5=2e903db78ee52860f0340f47692410a9","Conference review","Final","","Scopus","2-s2.0-85019529861"
"Rosman M.F.A.B.; Sunar M.S.B.; Mohamed F.B.","Rosman, Muhammad Faris Aieman Bin (57220206462); Sunar, Mohd Shahrizal Bin (7004071446); Mohamed, Farhan Bin (55416008900)","57220206462; 7004071446; 55416008900","The Role of Handedness in Mobile Augmented Reality UI/UX: A Review","2023","2023 3rd International Conference on Intelligent Cybernetics Technology and Applications, ICICyTA 2023","","","","318","322","1","10.1109/ICICyTA60173.2023.10428978","https://www.scopus.com/inward/record.uri?eid=2-s2.0-85186747111&doi=10.1109%2FICICyTA60173.2023.10428978&partnerID=40&md5=6030cee78e30ad72a7443803cf83e9d1","Conference paper","Final","","Scopus","2-s2.0-85186747111"
"","","","12th International Conference on Games and Learning Alliance, GALA 2023","2024","Lecture Notes in Computer Science (including subseries Lecture Notes in Artificial Intelligence and Lecture Notes in Bioinformatics)","14475 LNCS","","","","","0","","https://www.scopus.com/inward/record.uri?eid=2-s2.0-85180281146&partnerID=40&md5=d2aac562e87ee8af6762179ab845390d","Conference review","Final","","Scopus","2-s2.0-85180281146"
"Pal S.; Nishant; Bairagi A.; Mala G.","Pal, Sachin (59353172700); Nishant (59940871100); Bairagi, Aanya (59352754600); Mala, Gagan (59735423400)","59353172700; 59940871100; 59352754600; 59735423400","User Experience in Online News Website Systems","2024","Proceedings - 2024 International Conference on Emerging Innovations and Advanced Computing, INNOCOMP 2024","","","","78","86","0","10.1109/INNOCOMP63224.2024.00023","https://www.scopus.com/inward/record.uri?eid=2-s2.0-85205598531&doi=10.1109%2FINNOCOMP63224.2024.00023&partnerID=40&md5=f06f2e287958a03377b4d65b5d59e032","Conference paper","Final","","Scopus","2-s2.0-85205598531"
"","","","24th International Conference on Human-Computer Interaction, HCII  2022","2022","Communications in Computer and Information Science","1654 CCIS","","","","","0","","https://www.scopus.com/inward/record.uri?eid=2-s2.0-85144201535&partnerID=40&md5=01426bfa9ad0235d81305c7442aa5278","Conference review","Final","","Scopus","2-s2.0-85144201535"
"Cribbs H.L.; Paradis C.L.; Daugherty D.T.","Cribbs, Heather L. (57193182039); Paradis, Camille L. (60030155200); Daugherty, Danielle T. (60030013200)","57193182039; 60030155200; 60030013200","Innovating Digital Library User Experience: A Student-Led “Learn by Doing” Collaboration","2026","International Journal of Human-Computer Interaction","42","6","","4676","4696","0","10.1080/10447318.2025.2537781","https://www.scopus.com/inward/record.uri?eid=2-s2.0-105012606730&doi=10.1080%2F10447318.2025.2537781&partnerID=40&md5=cbacfe8abe6b7623c98d3fd38873a53a","Article","Final","","Scopus","2-s2.0-105012606730"
"Nomeshwari T.","Nomeshwari, Thummala (59491355800)","59491355800","Understanding and Enhancing the Usability of MCCD Forms: A Human-Centered Design Approach","2025","Lecture Notes in Computer Science (including subseries Lecture Notes in Artificial Intelligence and Lecture Notes in Bioinformatics) ","15380 LNCS","","","120","140","0","10.1007/978-3-031-76821-7_10","https://www.scopus.com/inward/record.uri?eid=2-s2.0-85213361733&doi=10.1007%2F978-3-031-76821-7_10&partnerID=40&md5=6191992780c7ce07daedbb2a84936db4","Conference paper","Final","","Scopus","2-s2.0-85213361733"
"Ardito C.; Bernhaupt R.; Palanque P.; Sauer S.","Ardito, Carmelo (13006980600); Bernhaupt, Regina (7801602281); Palanque, Philippe (6602748156); Sauer, Stefan (7005567743)","13006980600; 7801602281; 6602748156; 7005567743","Handling Security, Usability, User Experience and Reliability in User-Centered Development Processes: IFIP WG 13.2 and WG 13.5 Workshop at INTERACT 2019","2019","Lecture Notes in Computer Science","11749 LNCS","","","759","762","7","10.1007/978-3-030-29390-1_76","https://www.scopus.com/inward/record.uri?eid=2-s2.0-85072952374&doi=10.1007%2F978-3-030-29390-1_76&partnerID=40&md5=181184be1f0df2d3235b34029d473754","Conference paper","Final","All Open Access; Green Open Access","Scopus","2-s2.0-85072952374"
"Montoya L.; Rivera-Romero O.; Dorronzoro-Zubiete E.","Montoya, Laura (59909280100); Rivera-Romero, Octavio (27968036000); Dorronzoro-Zubiete, Enrique (57215434199)","59909280100; 27968036000; 57215434199","Cognitive Accessibility in User Experience Assessment of Mobile Health: A Review","2025","Studies in Health Technology and Informatics","327","","","969","973","0","10.3233/SHTI250516","https://www.scopus.com/inward/record.uri?eid=2-s2.0-105005816860&doi=10.3233%2FSHTI250516&partnerID=40&md5=a908013409079b1c512fff28ff78caca","Conference paper","Final","All Open Access; Hybrid Gold Open Access","Scopus","2-s2.0-105005816860"
"","","","36th Annual British HCI Conference","2023","36th Annual British HCI Conference","","","","","","0","","https://www.scopus.com/inward/record.uri?eid=2-s2.0-85204571765&partnerID=40&md5=ab2ccbf1d2a49031b71cd2aac88ac5fa","Conference review","Final","","Scopus","2-s2.0-85204571765"
"","","","AHFE Conference on Usability and User Experience, 2019 and the AHFE Conference on Human Factors and Assistive Technology, 2019","2020","Advances in Intelligent Systems and Computing","972","","","","","0","","https://www.scopus.com/inward/record.uri?eid=2-s2.0-85068214211&partnerID=40&md5=4f4933fb3747f3909171e04097fa0552","Conference review","Final","","Scopus","2-s2.0-85068214211"
"Lee R.M.H.; Gantzopoulou A.; Abdelnour-Nocera J.; Bainton T.; Chan O.; Li O.; Loesberg D.O.; Sidorowicz A.; Parnell M.","Lee, Richard M. H. (60365052100); Gantzopoulou, Aglaia (59957556400); Abdelnour-Nocera, Jose (57217053640); Bainton, Thomas (57222658225); Chan, Oliver (60364815300); Li, Olivia (60364692900); Loesberg, David O’Kelly (60365287600); Sidorowicz, Alicja (60365287700); Parnell, Miles (60364693000)","60365052100; 59957556400; 57217053640; 57222658225; 60364815300; 60364692900; 60365287600; 60365287700; 60364693000","Case Report: Designing an AI Agent to Enhance Patient Education and Administrative Support Within an NHS Hospital Healthcare Setting","2026","Communications in Computer and Information Science","2797 CCIS","","","104","112","0","10.1007/978-3-032-15516-0_7","https://www.scopus.com/inward/record.uri?eid=2-s2.0-105029031255&doi=10.1007%2F978-3-032-15516-0_7&partnerID=40&md5=e19f43b4136f29dcd26ab3db31008fb4","Conference paper","Final","","Scopus","2-s2.0-105029031255"
"","","","Thematic Area on Human Computer Interaction, HCI 2020, held as part of the 22nd International Conference on Human-Computer Interaction, HCII 2020","2020","Lecture Notes in Computer Science (including subseries Lecture Notes in Artificial Intelligence and Lecture Notes in Bioinformatics)","12181 LNCS","","","","","0","","https://www.scopus.com/inward/record.uri?eid=2-s2.0-85088799144&partnerID=40&md5=94c4ffa8964630d0a26e1814fefb072b","Conference review","Final","","Scopus","2-s2.0-85088799144"
"Lazar A.; Lazar J.; Pradhan A.","Lazar, Amanda (55660177200); Lazar, Jonathan (7007005493); Pradhan, Alisha (57200501975)","55660177200; 7007005493; 57200501975","Using modules to teach accessibility in a user-centered design course","2019","ASSETS 2019 - 21st International ACM SIGACCESS Conference on Computers and Accessibility","","","","554","556","16","10.1145/3308561.3354632","https://www.scopus.com/inward/record.uri?eid=2-s2.0-85074944852&doi=10.1145%2F3308561.3354632&partnerID=40&md5=c548983de10610b65bd0fdd7013c406e","Conference paper","Final","All Open Access; Green Open Access","Scopus","2-s2.0-85074944852"
"Corsetti B.; Moreno L.; Hervás R.","Corsetti, Barbara (57204612608); Moreno, Lourdes (7101696703); Hervás, Raquel (8515729300)","57204612608; 7101696703; 8515729300","Shaping Interactive Systems: Defining Features to Meet the Needs of Individuals with Mild Intellectual Disabilities","2024","ACM International Conference Proceeding Series","","","12","","","1","10.1145/3657242.3658593","https://www.scopus.com/inward/record.uri?eid=2-s2.0-85196178241&doi=10.1145%2F3657242.3658593&partnerID=40&md5=4e58a6632b5df698b9f72f26b2032868","Conference paper","Final","","Scopus","2-s2.0-85196178241"
"Perez G.V.; Provin J.A.; Tereza S.D.; Barros R.M.; Barros V.T.O.","Perez, Gabriel V. (60138543500); Provin, João A. (60138406500); Tereza, Samuel D. (60138272700); Barros, Rodolfo M. (55546517500); Barros, Vanessa T. O. (56237585300)","60138543500; 60138406500; 60138272700; 55546517500; 56237585300","UX Research for Development of Guidelines Focused on Transparency Portal Systems Development","2025","Lecture Notes in Networks and Systems","1447 LNNS","","","203","214","0","10.1007/978-3-031-93109-3_18","https://www.scopus.com/inward/record.uri?eid=2-s2.0-105018583982&doi=10.1007%2F978-3-031-93109-3_18&partnerID=40&md5=66ee2ce48598e8277d2bb0af59962683","Conference paper","Final","","Scopus","2-s2.0-105018583982"
"Teixeira M.M.; Teixeira C.D.A.","Teixeira, Marcelo Mendonça (57188555885); Teixeira, Cristiane Domingos de Aquino (59304953400)","57188555885; 59304953400","HYPERCONNECTED TECHNOLOGIES IN MOBILITY CONTEXTS; [TECNOLOGÍAS HIPERCONECTADAS EN CONTEXTOS DE MOVILIDAD]","2025","E3 Journal of Economics, Business and Entrepreneurship in the Community of Portuguese-Speaking Countries","11","1","","7","18","0","10.29073/e3.v11i1.987","https://www.scopus.com/inward/record.uri?eid=2-s2.0-105032204423&doi=10.29073%2Fe3.v11i1.987&partnerID=40&md5=600da23a0bf4d19dc1d47e8e59cae50b","Article","Final","All Open Access; Gold Open Access","Scopus","2-s2.0-105032204423"
"","","","2018 3rd IEEE International Conference on Intelligent Transportation Engineering, ICITE 2018","2018","2018 3rd IEEE International Conference on Intelligent Transportation Engineering, ICITE 2018","","","","","","0","","https://www.scopus.com/inward/record.uri?eid=2-s2.0-85057293167&partnerID=40&md5=efeec0adf4ea3feef5858781afa3e3a6","Conference review","Final","","Scopus","2-s2.0-85057293167"
"Nugraha A.F.S.; Fitriyadi F.; Lukitasari E.H.","Nugraha, Alma Fikri Setya (59708506300); Fitriyadi, Farid (59707528300); Lukitasari, Evelyne Henny (59707803600)","59708506300; 59707528300; 59707803600","UI/UX Design for Triwindu Market Surakarta","2024","2024 6th International Conference on Cybernetics and Intelligent System, ICORIS 2024","","","","","","0","10.1109/ICORIS63540.2024.10903804","https://www.scopus.com/inward/record.uri?eid=2-s2.0-105000862664&doi=10.1109%2FICORIS63540.2024.10903804&partnerID=40&md5=880c9bcbc7cadaffc0e099a73afd2f91","Conference paper","Final","","Scopus","2-s2.0-105000862664"
"Hauser A.","Hauser, Andreas (57197347881)","57197347881","UCD collaboration with product management and development","2007","Interactions","14","3","","34","35","4","10.1145/1242421.1242444","https://www.scopus.com/inward/record.uri?eid=2-s2.0-34248179557&doi=10.1145%2F1242421.1242444&partnerID=40&md5=2d2d972e4187fbe2bf27f14633730cde","Article","Final","","Scopus","2-s2.0-34248179557"
"Al-Wabil N.","Al-Wabil, Nada (56939056200)","56939056200","Usability of mobile applications in Saudi higher education: An exploratory study","2015","Communications in Computer and Information Science","529","","","201","205","6","10.1007/978-3-319-21383-5_34","https://www.scopus.com/inward/record.uri?eid=2-s2.0-84945900039&doi=10.1007%2F978-3-319-21383-5_34&partnerID=40&md5=93ba551fb22579bb615e23a1bcb2da17","Conference paper","Final","All Open Access; Hybrid Gold Open Access","Scopus","2-s2.0-84945900039"
"Aizpurua A.; Harper S.; Vigo M.","Aizpurua, Amaia (23395781500); Harper, Simon (7102941677); Vigo, Markel (14523664500)","23395781500; 7102941677; 14523664500","Exploring the relationship between web accessibility and user experience","2016","International Journal of Human Computer Studies","91","","","13","23","108","10.1016/j.ijhcs.2016.03.008","https://www.scopus.com/inward/record.uri?eid=2-s2.0-84982255282&doi=10.1016%2Fj.ijhcs.2016.03.008&partnerID=40&md5=98b7bc74deab3fdcafc9213a2f9d4b83","Article","Final","All Open Access; Green Open Access","Scopus","2-s2.0-84982255282"
